url	status	bytes	local_path
https://bundler-velo.parastorage.com/v_metaSiteId_/gridAppId_/filePath_/fileType_js/compression_gzip/depToken_3938/bundlerRuntimeExperiments_bundlerTrafficToAws-typescriptListExportedFunctions/additionalOptions_	400	0	
https://bundler-velo.parastorage.com/v_metaSiteId_dca29a3d-043f-453c-9b80-7eb7704f723c/gridAppId_71869e96-79b7-49b9-b6f9-e32bcf00ac52/filePath_/fileType_js/compression_gzip/depToken_/bundlerRuntimeExperiments_bundlerTrafficToAws-typescriptListExportedFunctions/additionalOptions_	404	0	
https://bundler-velo.parastorage.com/v_metaSiteId_dca29a3d-043f-453c-9b80-7eb7704f723c/gridAppId_ff90ab90-dbed-4339-9e1f-79b8277a8772/filePath_/fileType_js/compression_gzip/depToken_/bundlerRuntimeExperiments_bundlerTrafficToAws-typescriptListExportedFunctions/additionalOptions_	404	0	
https://pages.parastorage.com	200	360378	/workspace/archive/yuzu_site_extra_assets/pages.parastorage.com/index.html
https://serverless.parastorage.com/_serverless/site-sdk-server/v1/style	200	0	/workspace/archive/yuzu_site_extra_assets/serverless.parastorage.com/_serverless/site-sdk-server/v1/style
https://siteassets.parastorage.com	404	0	
https://siteassets.parastorage.com/pages/pages/thunderbolt?appDefinitionIdToSiteRevision=%7B%2213d21c63-b5ec-5912-8397-c3a5ddb27a97%22%3A%22440%22%2C%2214271d6f-ba62-d045-549b-ab972ae1f70e%22%3A%2225%22%7D&beckyExperiments=.DatePickerPortal%2C.DisableDocumentScrollWhenLightBoxOpen%2C.EnableCustomCSSVarsForLoginSocialBar%2C.FreemiumBannerOdeditor%2C.LoginBarEnableLoggingInStateInSSR%2C.TextInputAutoFillFix%2C.UseLoginSocialBarCustomMenu%2C.UseNewLoginBarDropdownMenuAlignment%2C.UseNewLoginSocialBarCustomMenuPositioning%2C.UseNewLoginSocialBarElementStructure%2C.UseNewLoginSocialBarMemberInitialsAvatar%2C.WixFreeSiteBannerDesktop%2C.WixFreeSiteBannerMobile%2C.addIdAsClassName%2C.buttonUdp%2C.calculateCollapsibleTextLineHeightByFont%2C.disableBuilderWixComponents%2C.dom_store%2C.dontApplyDacOverridesOnBoBApps%2C.dynamicSlots%2C.fiveGridLineStudioSkins%2C.imageEncodingAVIF%2C.isClassNameToRootEnabled%2C.migrateRepeaterUiTypeMapper%2C.motionTimeAnimationsCSS%2C.overrideFloatInDistance%2C.shouldUseResponsiveImages%2C.svgResolver_2%2C.uiTypeNativeMappers%2C.updateRichTextSemanticClassNamesOnCorvid%2C.useClassnameInResponsiveAppWidget%2C.useImageAvifFormatInNativeProGallery%2C.useResponsiveImgClassicFixed%2C.useSvgLoaderFeature%2C.useSvgLoaderFeatureOnBuilderComps%2C.useWowImageInFastGallery&blocksBuilderManifestGeneratorVersion=1.129.0&contentType=application%2Fjson&deviceType=Desktop&dfCk=6&dfVersion=1.5326.0&disableStaticPagesUrlHierarchy=false&editorName=Unknown&experiments=dm_bgScrubToMotionFixer%2Cdm_masterPageVariablesQueryFixer%2Cdm_migrateOldHoverBoxToNewFixer&externalBaseUrl=https%3A%2F%2Fwww.yuzuhairandbeauty.london&fileId=6ac295b9.bundle.min&formFactor=desktop&hasTPAWorkerOnSite=false&hasUserDomainMedia=false&isBuilderComponentModel=false&isHttps=true&isInSeo=false&isMultilingualEnabled=false&isPremiumDomain=true&isTrackClicksAnalyticsEnabled=false&isUrlMigrated=true&isWixCodeOnPage=false&isWixCodeOnSite=false&language=en&languageResolutionMethod=QueryParam&metaSiteId=dca29a3d-043f-453c-9b80-7eb7704f723c&module=thunderbolt-features&originalLanguage=en&pageId=4ea19e_0d139ad43558cb377858310bc84f465a_156.json&pilerExperiments=specs.piler.useEditorReactComponents&quickActionsMenuEnabled=false&registryLibrariesTopology=%5B%7B%22artifactId%22%3A%22editor-elements%22%2C%22namespace%22%3A%22wixui%22%2C%22url%22%3A%22https%3A%2F%2Fstatic.parastorage.com%2Fservices%2Feditor-elements%2F1.15026.0%22%7D%2C%7B%22artifactId%22%3A%22editor-elements%22%2C%22namespace%22%3A%22dsgnsys%22%2C%22url%22%3A%22https%3A%2F%2Fstatic.parastorage.com%2Fservices%2Feditor-elements%2F1.15026.0%22%7D%5D&remoteWidgetStructureBuilderVersion=1.251.0&siteId=2b49c50e-d616-4e7d-b324-e969d52f6312&siteRevision=156&staticHTMLComponentUrl=https%3A%2F%2Fwww-yuzuhairandbeauty-london.filesusr.com%2F&useSandboxInHTMLComp=false&viewMode=desktop	-1	0	
https://siteassets.parastorage.com/pages/pages/thunderbolt?appDefinitionIdToSiteRevision=%7B%2213d21c63-b5ec-5912-8397-c3a5ddb27a97%22%3A%22440%22%2C%2214271d6f-ba62-d045-549b-ab972ae1f70e%22%3A%2225%22%7D&beckyExperiments=.DatePickerPortal%2C.DisableDocumentScrollWhenLightBoxOpen%2C.EnableCustomCSSVarsForLoginSocialBar%2C.FreemiumBannerOdeditor%2C.LoginBarEnableLoggingInStateInSSR%2C.TextInputAutoFillFix%2C.UseLoginSocialBarCustomMenu%2C.UseNewLoginBarDropdownMenuAlignment%2C.UseNewLoginSocialBarCustomMenuPositioning%2C.UseNewLoginSocialBarElementStructure%2C.UseNewLoginSocialBarMemberInitialsAvatar%2C.WixFreeSiteBannerDesktop%2C.WixFreeSiteBannerMobile%2C.addIdAsClassName%2C.buttonUdp%2C.calculateCollapsibleTextLineHeightByFont%2C.disableBuilderWixComponents%2C.dom_store%2C.dontApplyDacOverridesOnBoBApps%2C.dynamicSlots%2C.fiveGridLineStudioSkins%2C.imageEncodingAVIF%2C.isClassNameToRootEnabled%2C.migrateRepeaterUiTypeMapper%2C.motionTimeAnimationsCSS%2C.overrideFloatInDistance%2C.shouldUseResponsiveImages%2C.svgResolver_2%2C.uiTypeNativeMappers%2C.updateRichTextSemanticClassNamesOnCorvid%2C.useClassnameInResponsiveAppWidget%2C.useImageAvifFormatInNativeProGallery%2C.useResponsiveImgClassicFixed%2C.useSvgLoaderFeature%2C.useSvgLoaderFeatureOnBuilderComps%2C.useWowImageInFastGallery&blocksBuilderManifestGeneratorVersion=1.129.0&contentType=application%2Fjson&deviceType=Desktop&dfCk=6&dfVersion=1.5326.0&disableStaticPagesUrlHierarchy=false&editorName=Unknown&experiments=dm_bgScrubToMotionFixer%2Cdm_masterPageVariablesQueryFixer%2Cdm_migrateOldHoverBoxToNewFixer&externalBaseUrl=https%3A%2F%2Fwww.yuzuhairandbeauty.london&fileId=6ac295b9.bundle.min&formFactor=desktop&hasTPAWorkerOnSite=false&hasUserDomainMedia=false&isBuilderComponentModel=false&isHttps=true&isInSeo=false&isMultilingualEnabled=false&isPremiumDomain=true&isTrackClicksAnalyticsEnabled=false&isUrlMigrated=true&isWixCodeOnPage=false&isWixCodeOnSite=false&language=en&languageResolutionMethod=QueryParam&metaSiteId=dca29a3d-043f-453c-9b80-7eb7704f723c&module=thunderbolt-features&originalLanguage=en&pageId=4ea19e_0d139ad43558cb377858310bc84f465a_156.json&pilerExperiments=specs.piler.useEditorReactComponents&quickActionsMenuEnabled=false&registryLibrariesTopology=%5B%7B%22artifactId%22%3A%22editor-elements%22%2C%22namespace%22%3A%22wixui%22%2C%22url%22%3A%22https%3A%2F%2Fstatic.parastorage.com%2Fservices%2Feditor-elements%2F1.15034.0%22%7D%2C%7B%22artifactId%22%3A%22editor-elements%22%2C%22namespace%22%3A%22dsgnsys%22%2C%22url%22%3A%22https%3A%2F%2Fstatic.parastorage.com%2Fservices%2Feditor-elements%2F1.15034.0%22%7D%5D&remoteWidgetStructureBuilderVersion=1.251.0&siteId=2b49c50e-d616-4e7d-b324-e969d52f6312&siteRevision=156&staticHTMLComponentUrl=https%3A%2F%2Fwww-yuzuhairandbeauty-london.filesusr.com%2F&useSandboxInHTMLComp=false&viewMode=desktop	-1	0	
https://siteassets.parastorage.com/pages/pages/thunderbolt?appDefinitionIdToSiteRevision=%7B%2213d21c63-b5ec-5912-8397-c3a5ddb27a97%22%3A%22440%22%2C%2214271d6f-ba62-d045-549b-ab972ae1f70e%22%3A%2225%22%7D&beckyExperiments=.DatePickerPortal%2C.DisableDocumentScrollWhenLightBoxOpen%2C.EnableCustomCSSVarsForLoginSocialBar%2C.FreemiumBannerOdeditor%2C.LoginBarEnableLoggingInStateInSSR%2C.TextInputAutoFillFix%2C.UseLoginSocialBarCustomMenu%2C.UseNewLoginBarDropdownMenuAlignment%2C.UseNewLoginSocialBarCustomMenuPositioning%2C.UseNewLoginSocialBarElementStructure%2C.UseNewLoginSocialBarMemberInitialsAvatar%2C.WixFreeSiteBannerDesktop%2C.WixFreeSiteBannerMobile%2C.addIdAsClassName%2C.buttonUdp%2C.calculateCollapsibleTextLineHeightByFont%2C.disableBuilderWixComponents%2C.dom_store%2C.dontApplyDacOverridesOnBoBApps%2C.dynamicSlots%2C.fiveGridLineStudioSkins%2C.imageEncodingAVIF%2C.isClassNameToRootEnabled%2C.migrateRepeaterUiTypeMapper%2C.motionTimeAnimationsCSS%2C.overrideFloatInDistance%2C.shouldUseResponsiveImages%2C.svgResolver_2%2C.uiTypeNativeMappers%2C.updateRichTextSemanticClassNamesOnCorvid%2C.useClassnameInResponsiveAppWidget%2C.useImageAvifFormatInNativeProGallery%2C.useResponsiveImgClassicFixed%2C.useSvgLoaderFeature%2C.useSvgLoaderFeatureOnBuilderComps%2C.useWowImageInFastGallery&blocksBuilderManifestGeneratorVersion=1.129.0&contentType=application%2Fjson&deviceType=Desktop&dfCk=6&dfVersion=1.5326.0&disableStaticPagesUrlHierarchy=false&editorName=Unknown&experiments=dm_bgScrubToMotionFixer%2Cdm_masterPageVariablesQueryFixer%2Cdm_migrateOldHoverBoxToNewFixer&externalBaseUrl=https%3A%2F%2Fwww.yuzuhairandbeauty.london&fileId=6ac295b9.bundle.min&formFactor=desktop&hasTPAWorkerOnSite=false&hasUserDomainMedia=false&isBuilderComponentModel=false&isHttps=true&isInSeo=false&isMultilingualEnabled=false&isPremiumDomain=true&isTrackClicksAnalyticsEnabled=false&isUrlMigrated=true&isWixCodeOnPage=false&isWixCodeOnSite=false&language=en&languageResolutionMethod=QueryParam&metaSiteId=dca29a3d-043f-453c-9b80-7eb7704f723c&module=thunderbolt-features&originalLanguage=en&pageId=4ea19e_32ae64709d787bb85c09e7e59ccfd0e5_156.json&pilerExperiments=specs.piler.useEditorReactComponents&quickActionsMenuEnabled=false&registryLibrariesTopology=%5B%7B%22artifactId%22%3A%22editor-elements%22%2C%22namespace%22%3A%22wixui%22%2C%22url%22%3A%22https%3A%2F%2Fstatic.parastorage.com%2Fservices%2Feditor-elements%2F1.15034.0%22%7D%2C%7B%22artifactId%22%3A%22editor-elements%22%2C%22namespace%22%3A%22dsgnsys%22%2C%22url%22%3A%22https%3A%2F%2Fstatic.parastorage.com%2Fservices%2Feditor-elements%2F1.15034.0%22%7D%5D&remoteWidgetStructureBuilderVersion=1.251.0&siteId=2b49c50e-d616-4e7d-b324-e969d52f6312&siteRevision=156&staticHTMLComponentUrl=https%3A%2F%2Fwww-yuzuhairandbeauty-london.filesusr.com%2F&useSandboxInHTMLComp=false&viewMode=desktop	-1	0	
https://siteassets.parastorage.com/pages/pages/thunderbolt?appDefinitionIdToSiteRevision=%7B%2213d21c63-b5ec-5912-8397-c3a5ddb27a97%22%3A%22440%22%2C%2214271d6f-ba62-d045-549b-ab972ae1f70e%22%3A%2225%22%7D&beckyExperiments=.DatePickerPortal%2C.DisableDocumentScrollWhenLightBoxOpen%2C.EnableCustomCSSVarsForLoginSocialBar%2C.FreemiumBannerOdeditor%2C.LoginBarEnableLoggingInStateInSSR%2C.TextInputAutoFillFix%2C.UseLoginSocialBarCustomMenu%2C.UseNewLoginBarDropdownMenuAlignment%2C.UseNewLoginSocialBarCustomMenuPositioning%2C.UseNewLoginSocialBarElementStructure%2C.UseNewLoginSocialBarMemberInitialsAvatar%2C.WixFreeSiteBannerDesktop%2C.WixFreeSiteBannerMobile%2C.addIdAsClassName%2C.buttonUdp%2C.calculateCollapsibleTextLineHeightByFont%2C.disableBuilderWixComponents%2C.dom_store%2C.dontApplyDacOverridesOnBoBApps%2C.dynamicSlots%2C.fiveGridLineStudioSkins%2C.imageEncodingAVIF%2C.isClassNameToRootEnabled%2C.migrateRepeaterUiTypeMapper%2C.motionTimeAnimationsCSS%2C.overrideFloatInDistance%2C.shouldUseResponsiveImages%2C.svgResolver_2%2C.uiTypeNativeMappers%2C.updateRichTextSemanticClassNamesOnCorvid%2C.useClassnameInResponsiveAppWidget%2C.useImageAvifFormatInNativeProGallery%2C.useResponsiveImgClassicFixed%2C.useSvgLoaderFeature%2C.useSvgLoaderFeatureOnBuilderComps%2C.useWowImageInFastGallery&blocksBuilderManifestGeneratorVersion=1.129.0&contentType=application%2Fjson&deviceType=Desktop&dfCk=6&dfVersion=1.5326.0&disableStaticPagesUrlHierarchy=false&editorName=Unknown&experiments=dm_bgScrubToMotionFixer%2Cdm_masterPageVariablesQueryFixer%2Cdm_migrateOldHoverBoxToNewFixer&externalBaseUrl=https%3A%2F%2Fwww.yuzuhairandbeauty.london&fileId=6ac295b9.bundle.min&formFactor=desktop&hasTPAWorkerOnSite=false&hasUserDomainMedia=false&isBuilderComponentModel=false&isHttps=true&isInSeo=false&isMultilingualEnabled=false&isPremiumDomain=true&isTrackClicksAnalyticsEnabled=false&isUrlMigrated=true&isWixCodeOnPage=false&isWixCodeOnSite=false&language=en&languageResolutionMethod=QueryParam&metaSiteId=dca29a3d-043f-453c-9b80-7eb7704f723c&module=thunderbolt-features&originalLanguage=en&pageId=4ea19e_d73ba0caea41decf3b1d40197a4daefc_156.json&pilerExperiments=specs.piler.useEditorReactComponents&quickActionsMenuEnabled=false&registryLibrariesTopology=%5B%7B%22artifactId%22%3A%22editor-elements%22%2C%22namespace%22%3A%22wixui%22%2C%22url%22%3A%22https%3A%2F%2Fstatic.parastorage.com%2Fservices%2Feditor-elements%2F1.15034.0%22%7D%2C%7B%22artifactId%22%3A%22editor-elements%22%2C%22namespace%22%3A%22dsgnsys%22%2C%22url%22%3A%22https%3A%2F%2Fstatic.parastorage.com%2Fservices%2Feditor-elements%2F1.15034.0%22%7D%5D&remoteWidgetStructureBuilderVersion=1.251.0&siteId=2b49c50e-d616-4e7d-b324-e969d52f6312&siteRevision=156&staticHTMLComponentUrl=https%3A%2F%2Fwww-yuzuhairandbeauty-london.filesusr.com%2F&useSandboxInHTMLComp=false&viewMode=desktop	-1	0	
https://siteassets.parastorage.com/pages/pages/thunderbolt?appDefinitionIdToSiteRevision=%7B%2213d21c63-b5ec-5912-8397-c3a5ddb27a97%22%3A%22440%22%2C%2214271d6f-ba62-d045-549b-ab972ae1f70e%22%3A%2225%22%7D&beckyExperiments=.DatePickerPortal%2C.DisableDocumentScrollWhenLightBoxOpen%2C.EnableCustomCSSVarsForLoginSocialBar%2C.FreemiumBannerOdeditor%2C.LoginBarEnableLoggingInStateInSSR%2C.TextInputAutoFillFix%2C.UseLoginSocialBarCustomMenu%2C.UseNewLoginBarDropdownMenuAlignment%2C.UseNewLoginSocialBarCustomMenuPositioning%2C.UseNewLoginSocialBarElementStructure%2C.UseNewLoginSocialBarMemberInitialsAvatar%2C.WixFreeSiteBannerDesktop%2C.WixFreeSiteBannerMobile%2C.addIdAsClassName%2C.buttonUdp%2C.calculateCollapsibleTextLineHeightByFont%2C.disableBuilderWixComponents%2C.dom_store%2C.dontApplyDacOverridesOnBoBApps%2C.dynamicSlots%2C.fiveGridLineStudioSkins%2C.imageEncodingAVIF%2C.isClassNameToRootEnabled%2C.migrateRepeaterUiTypeMapper%2C.motionTimeAnimationsCSS%2C.overrideFloatInDistance%2C.shouldUseResponsiveImages%2C.svgResolver_2%2C.uiTypeNativeMappers%2C.updateRichTextSemanticClassNamesOnCorvid%2C.useClassnameInResponsiveAppWidget%2C.useImageAvifFormatInNativeProGallery%2C.useResponsiveImgClassicFixed%2C.useSvgLoaderFeature%2C.useSvgLoaderFeatureOnBuilderComps%2C.useWowImageInFastGallery&blocksBuilderManifestGeneratorVersion=1.129.0&contentType=application%2Fjson&deviceType=Desktop&dfCk=6&dfVersion=1.5326.0&disableStaticPagesUrlHierarchy=false&editorName=Unknown&experiments=dm_bgScrubToMotionFixer%2Cdm_masterPageVariablesQueryFixer%2Cdm_migrateOldHoverBoxToNewFixer&externalBaseUrl=https%3A%2F%2Fwww.yuzuhairandbeauty.london&fileId=6ac295b9.bundle.min&formFactor=desktop&hasTPAWorkerOnSite=false&hasUserDomainMedia=false&isBuilderComponentModel=false&isHttps=true&isInSeo=false&isMultilingualEnabled=false&isPremiumDomain=true&isTrackClicksAnalyticsEnabled=false&isUrlMigrated=true&isWixCodeOnPage=false&isWixCodeOnSite=false&language=en&languageResolutionMethod=QueryParam&metaSiteId=dca29a3d-043f-453c-9b80-7eb7704f723c&module=thunderbolt-features&originalLanguage=en&pageId=4ea19e_e5a124c018876dc6731832e543085dfb_156.json&pilerExperiments=specs.piler.useEditorReactComponents&quickActionsMenuEnabled=false&registryLibrariesTopology=%5B%7B%22artifactId%22%3A%22editor-elements%22%2C%22namespace%22%3A%22wixui%22%2C%22url%22%3A%22https%3A%2F%2Fstatic.parastorage.com%2Fservices%2Feditor-elements%2F1.15026.0%22%7D%2C%7B%22artifactId%22%3A%22editor-elements%22%2C%22namespace%22%3A%22dsgnsys%22%2C%22url%22%3A%22https%3A%2F%2Fstatic.parastorage.com%2Fservices%2Feditor-elements%2F1.15026.0%22%7D%5D&remoteWidgetStructureBuilderVersion=1.251.0&siteId=2b49c50e-d616-4e7d-b324-e969d52f6312&siteRevision=156&staticHTMLComponentUrl=https%3A%2F%2Fwww-yuzuhairandbeauty-london.filesusr.com%2F&useSandboxInHTMLComp=false&viewMode=desktop	-1	0	
https://siteassets.parastorage.com/pages/pages/thunderbolt?appDefinitionIdToSiteRevision=%7B%2213d21c63-b5ec-5912-8397-c3a5ddb27a97%22%3A%22440%22%2C%2214271d6f-ba62-d045-549b-ab972ae1f70e%22%3A%2225%22%7D&beckyExperiments=.DatePickerPortal%2C.EnableCustomCSSVarsForLoginSocialBar%2C.FreemiumBannerOdeditor%2C.LoginBarEnableLoggingInStateInSSR%2C.TextInputAutoFillFix%2C.UseLoginSocialBarCustomMenu%2C.UseNewLoginBarDropdownMenuAlignment%2C.UseNewLoginSocialBarCustomMenuPositioning%2C.UseNewLoginSocialBarElementStructure%2C.UseNewLoginSocialBarMemberInitialsAvatar%2C.WixFreeSiteBannerDesktop%2C.WixFreeSiteBannerMobile%2C.addIdAsClassName%2C.buttonUdp%2C.calculateCollapsibleTextLineHeightByFont%2C.disableBuilderWixComponents%2C.dynamicSlots%2C.fiveGridLineStudioSkins%2C.isClassNameToRootEnabled%2C.migrateRepeaterUiTypeMapper%2C.svgResolver_2%2C.uiTypeNativeMappers%2C.updateRichTextSemanticClassNamesOnCorvid%2C.useClassnameInResponsiveAppWidget%2C.useImageAvifFormatInNativeProGallery%2C.useWowImageInFastGallery&blocksBuilderManifestGeneratorVersion=1.129.0&contentType=application%2Fjson&dfCk=6&dfVersion=1.5326.0&editorName=Unknown&experiments=dm_bgScrubToMotionFixer%2Cdm_masterPageVariablesQueryFixer%2Cdm_migrateOldHoverBoxToNewFixer&externalBaseUrl=https%3A%2F%2Fwww.yuzuhairandbeauty.london&fileId=b30889c7.bundle.min&formFactor=desktop&hasTPAWorkerOnSite=false&hasUserDomainMedia=false&isBuilderComponentModel=false&isHttps=true&isInSeo=false&isPremiumDomain=true&isUrlMigrated=true&isWixCodeOnPage=false&isWixCodeOnSite=false&language=en&metaSiteId=dca29a3d-043f-453c-9b80-7eb7704f723c&module=thunderbolt-platform&originalLanguage=en&pageId=4ea19e_0d139ad43558cb377858310bc84f465a_156.json&pilerExperiments=specs.piler.useEditorReactComponents&quickActionsMenuEnabled=false&registryLibrariesTopology=%5B%7B%22artifactId%22%3A%22editor-elements%22%2C%22namespace%22%3A%22wixui%22%2C%22url%22%3A%22https%3A%2F%2Fstatic.parastorage.com%2Fservices%2Feditor-elements%2F1.15026.0%22%7D%2C%7B%22artifactId%22%3A%22editor-elements%22%2C%22namespace%22%3A%22dsgnsys%22%2C%22url%22%3A%22https%3A%2F%2Fstatic.parastorage.com%2Fservices%2Feditor-elements%2F1.15026.0%22%7D%5D&remoteWidgetStructureBuilderVersion=1.251.0&siteId=2b49c50e-d616-4e7d-b324-e969d52f6312&siteRevision=156&staticHTMLComponentUrl=https%3A%2F%2Fwww-yuzuhairandbeauty-london.filesusr.com%2F&viewMode=desktop	-1	0	
https://siteassets.parastorage.com/pages/pages/thunderbolt?appDefinitionIdToSiteRevision=%7B%2213d21c63-b5ec-5912-8397-c3a5ddb27a97%22%3A%22440%22%2C%2214271d6f-ba62-d045-549b-ab972ae1f70e%22%3A%2225%22%7D&beckyExperiments=.DatePickerPortal%2C.EnableCustomCSSVarsForLoginSocialBar%2C.FreemiumBannerOdeditor%2C.LoginBarEnableLoggingInStateInSSR%2C.TextInputAutoFillFix%2C.UseLoginSocialBarCustomMenu%2C.UseNewLoginBarDropdownMenuAlignment%2C.UseNewLoginSocialBarCustomMenuPositioning%2C.UseNewLoginSocialBarElementStructure%2C.UseNewLoginSocialBarMemberInitialsAvatar%2C.WixFreeSiteBannerDesktop%2C.WixFreeSiteBannerMobile%2C.addIdAsClassName%2C.buttonUdp%2C.calculateCollapsibleTextLineHeightByFont%2C.disableBuilderWixComponents%2C.dynamicSlots%2C.fiveGridLineStudioSkins%2C.isClassNameToRootEnabled%2C.migrateRepeaterUiTypeMapper%2C.svgResolver_2%2C.uiTypeNativeMappers%2C.updateRichTextSemanticClassNamesOnCorvid%2C.useClassnameInResponsiveAppWidget%2C.useImageAvifFormatInNativeProGallery%2C.useWowImageInFastGallery&blocksBuilderManifestGeneratorVersion=1.129.0&contentType=application%2Fjson&dfCk=6&dfVersion=1.5326.0&editorName=Unknown&experiments=dm_bgScrubToMotionFixer%2Cdm_masterPageVariablesQueryFixer%2Cdm_migrateOldHoverBoxToNewFixer&externalBaseUrl=https%3A%2F%2Fwww.yuzuhairandbeauty.london&fileId=b30889c7.bundle.min&formFactor=desktop&hasTPAWorkerOnSite=false&hasUserDomainMedia=false&isBuilderComponentModel=false&isHttps=true&isInSeo=false&isPremiumDomain=true&isUrlMigrated=true&isWixCodeOnPage=false&isWixCodeOnSite=false&language=en&metaSiteId=dca29a3d-043f-453c-9b80-7eb7704f723c&module=thunderbolt-platform&originalLanguage=en&pageId=4ea19e_0d139ad43558cb377858310bc84f465a_156.json&pilerExperiments=specs.piler.useEditorReactComponents&quickActionsMenuEnabled=false&registryLibrariesTopology=%5B%7B%22artifactId%22%3A%22editor-elements%22%2C%22namespace%22%3A%22wixui%22%2C%22url%22%3A%22https%3A%2F%2Fstatic.parastorage.com%2Fservices%2Feditor-elements%2F1.15034.0%22%7D%2C%7B%22artifactId%22%3A%22editor-elements%22%2C%22namespace%22%3A%22dsgnsys%22%2C%22url%22%3A%22https%3A%2F%2Fstatic.parastorage.com%2Fservices%2Feditor-elements%2F1.15034.0%22%7D%5D&remoteWidgetStructureBuilderVersion=1.251.0&siteId=2b49c50e-d616-4e7d-b324-e969d52f6312&siteRevision=156&staticHTMLComponentUrl=https%3A%2F%2Fwww-yuzuhairandbeauty-london.filesusr.com%2F&viewMode=desktop	-1	0	
https://siteassets.parastorage.com/pages/pages/thunderbolt?appDefinitionIdToSiteRevision=%7B%2213d21c63-b5ec-5912-8397-c3a5ddb27a97%22%3A%22440%22%2C%2214271d6f-ba62-d045-549b-ab972ae1f70e%22%3A%2225%22%7D&beckyExperiments=.DatePickerPortal%2C.EnableCustomCSSVarsForLoginSocialBar%2C.FreemiumBannerOdeditor%2C.LoginBarEnableLoggingInStateInSSR%2C.TextInputAutoFillFix%2C.UseLoginSocialBarCustomMenu%2C.UseNewLoginBarDropdownMenuAlignment%2C.UseNewLoginSocialBarCustomMenuPositioning%2C.UseNewLoginSocialBarElementStructure%2C.UseNewLoginSocialBarMemberInitialsAvatar%2C.WixFreeSiteBannerDesktop%2C.WixFreeSiteBannerMobile%2C.addIdAsClassName%2C.buttonUdp%2C.calculateCollapsibleTextLineHeightByFont%2C.disableBuilderWixComponents%2C.dynamicSlots%2C.fiveGridLineStudioSkins%2C.isClassNameToRootEnabled%2C.migrateRepeaterUiTypeMapper%2C.svgResolver_2%2C.uiTypeNativeMappers%2C.updateRichTextSemanticClassNamesOnCorvid%2C.useClassnameInResponsiveAppWidget%2C.useImageAvifFormatInNativeProGallery%2C.useWowImageInFastGallery&blocksBuilderManifestGeneratorVersion=1.129.0&contentType=application%2Fjson&dfCk=6&dfVersion=1.5326.0&editorName=Unknown&experiments=dm_bgScrubToMotionFixer%2Cdm_masterPageVariablesQueryFixer%2Cdm_migrateOldHoverBoxToNewFixer&externalBaseUrl=https%3A%2F%2Fwww.yuzuhairandbeauty.london&fileId=b30889c7.bundle.min&formFactor=desktop&hasTPAWorkerOnSite=false&hasUserDomainMedia=false&isBuilderComponentModel=false&isHttps=true&isInSeo=false&isPremiumDomain=true&isUrlMigrated=true&isWixCodeOnPage=false&isWixCodeOnSite=false&language=en&metaSiteId=dca29a3d-043f-453c-9b80-7eb7704f723c&module=thunderbolt-platform&originalLanguage=en&pageId=4ea19e_32ae64709d787bb85c09e7e59ccfd0e5_156.json&pilerExperiments=specs.piler.useEditorReactComponents&quickActionsMenuEnabled=false&registryLibrariesTopology=%5B%7B%22artifactId%22%3A%22editor-elements%22%2C%22namespace%22%3A%22wixui%22%2C%22url%22%3A%22https%3A%2F%2Fstatic.parastorage.com%2Fservices%2Feditor-elements%2F1.15034.0%22%7D%2C%7B%22artifactId%22%3A%22editor-elements%22%2C%22namespace%22%3A%22dsgnsys%22%2C%22url%22%3A%22https%3A%2F%2Fstatic.parastorage.com%2Fservices%2Feditor-elements%2F1.15034.0%22%7D%5D&remoteWidgetStructureBuilderVersion=1.251.0&siteId=2b49c50e-d616-4e7d-b324-e969d52f6312&siteRevision=156&staticHTMLComponentUrl=https%3A%2F%2Fwww-yuzuhairandbeauty-london.filesusr.com%2F&viewMode=desktop	-1	0	
https://siteassets.parastorage.com/pages/pages/thunderbolt?appDefinitionIdToSiteRevision=%7B%2213d21c63-b5ec-5912-8397-c3a5ddb27a97%22%3A%22440%22%2C%2214271d6f-ba62-d045-549b-ab972ae1f70e%22%3A%2225%22%7D&beckyExperiments=.DatePickerPortal%2C.EnableCustomCSSVarsForLoginSocialBar%2C.FreemiumBannerOdeditor%2C.LoginBarEnableLoggingInStateInSSR%2C.TextInputAutoFillFix%2C.UseLoginSocialBarCustomMenu%2C.UseNewLoginBarDropdownMenuAlignment%2C.UseNewLoginSocialBarCustomMenuPositioning%2C.UseNewLoginSocialBarElementStructure%2C.UseNewLoginSocialBarMemberInitialsAvatar%2C.WixFreeSiteBannerDesktop%2C.WixFreeSiteBannerMobile%2C.addIdAsClassName%2C.buttonUdp%2C.calculateCollapsibleTextLineHeightByFont%2C.disableBuilderWixComponents%2C.dynamicSlots%2C.fiveGridLineStudioSkins%2C.isClassNameToRootEnabled%2C.migrateRepeaterUiTypeMapper%2C.svgResolver_2%2C.uiTypeNativeMappers%2C.updateRichTextSemanticClassNamesOnCorvid%2C.useClassnameInResponsiveAppWidget%2C.useImageAvifFormatInNativeProGallery%2C.useWowImageInFastGallery&blocksBuilderManifestGeneratorVersion=1.129.0&contentType=application%2Fjson&dfCk=6&dfVersion=1.5326.0&editorName=Unknown&experiments=dm_bgScrubToMotionFixer%2Cdm_masterPageVariablesQueryFixer%2Cdm_migrateOldHoverBoxToNewFixer&externalBaseUrl=https%3A%2F%2Fwww.yuzuhairandbeauty.london&fileId=b30889c7.bundle.min&formFactor=desktop&hasTPAWorkerOnSite=false&hasUserDomainMedia=false&isBuilderComponentModel=false&isHttps=true&isInSeo=false&isPremiumDomain=true&isUrlMigrated=true&isWixCodeOnPage=false&isWixCodeOnSite=false&language=en&metaSiteId=dca29a3d-043f-453c-9b80-7eb7704f723c&module=thunderbolt-platform&originalLanguage=en&pageId=4ea19e_d73ba0caea41decf3b1d40197a4daefc_156.json&pilerExperiments=specs.piler.useEditorReactComponents&quickActionsMenuEnabled=false&registryLibrariesTopology=%5B%7B%22artifactId%22%3A%22editor-elements%22%2C%22namespace%22%3A%22wixui%22%2C%22url%22%3A%22https%3A%2F%2Fstatic.parastorage.com%2Fservices%2Feditor-elements%2F1.15034.0%22%7D%2C%7B%22artifactId%22%3A%22editor-elements%22%2C%22namespace%22%3A%22dsgnsys%22%2C%22url%22%3A%22https%3A%2F%2Fstatic.parastorage.com%2Fservices%2Feditor-elements%2F1.15034.0%22%7D%5D&remoteWidgetStructureBuilderVersion=1.251.0&siteId=2b49c50e-d616-4e7d-b324-e969d52f6312&siteRevision=156&staticHTMLComponentUrl=https%3A%2F%2Fwww-yuzuhairandbeauty-london.filesusr.com%2F&viewMode=desktop	-1	0	
https://siteassets.parastorage.com/pages/pages/thunderbolt?appDefinitionIdToSiteRevision=%7B%2213d21c63-b5ec-5912-8397-c3a5ddb27a97%22%3A%22440%22%2C%2214271d6f-ba62-d045-549b-ab972ae1f70e%22%3A%2225%22%7D&beckyExperiments=.DatePickerPortal%2C.EnableCustomCSSVarsForLoginSocialBar%2C.FreemiumBannerOdeditor%2C.LoginBarEnableLoggingInStateInSSR%2C.TextInputAutoFillFix%2C.UseLoginSocialBarCustomMenu%2C.UseNewLoginBarDropdownMenuAlignment%2C.UseNewLoginSocialBarCustomMenuPositioning%2C.UseNewLoginSocialBarElementStructure%2C.UseNewLoginSocialBarMemberInitialsAvatar%2C.WixFreeSiteBannerDesktop%2C.WixFreeSiteBannerMobile%2C.addIdAsClassName%2C.buttonUdp%2C.calculateCollapsibleTextLineHeightByFont%2C.disableBuilderWixComponents%2C.dynamicSlots%2C.fiveGridLineStudioSkins%2C.isClassNameToRootEnabled%2C.migrateRepeaterUiTypeMapper%2C.svgResolver_2%2C.uiTypeNativeMappers%2C.updateRichTextSemanticClassNamesOnCorvid%2C.useClassnameInResponsiveAppWidget%2C.useImageAvifFormatInNativeProGallery%2C.useWowImageInFastGallery&blocksBuilderManifestGeneratorVersion=1.129.0&contentType=application%2Fjson&dfCk=6&dfVersion=1.5326.0&editorName=Unknown&experiments=dm_bgScrubToMotionFixer%2Cdm_masterPageVariablesQueryFixer%2Cdm_migrateOldHoverBoxToNewFixer&externalBaseUrl=https%3A%2F%2Fwww.yuzuhairandbeauty.london&fileId=b30889c7.bundle.min&formFactor=desktop&hasTPAWorkerOnSite=false&hasUserDomainMedia=false&isBuilderComponentModel=false&isHttps=true&isInSeo=false&isPremiumDomain=true&isUrlMigrated=true&isWixCodeOnPage=false&isWixCodeOnSite=false&language=en&metaSiteId=dca29a3d-043f-453c-9b80-7eb7704f723c&module=thunderbolt-platform&originalLanguage=en&pageId=4ea19e_e5a124c018876dc6731832e543085dfb_156.json&pilerExperiments=specs.piler.useEditorReactComponents&quickActionsMenuEnabled=false&registryLibrariesTopology=%5B%7B%22artifactId%22%3A%22editor-elements%22%2C%22namespace%22%3A%22wixui%22%2C%22url%22%3A%22https%3A%2F%2Fstatic.parastorage.com%2Fservices%2Feditor-elements%2F1.15026.0%22%7D%2C%7B%22artifactId%22%3A%22editor-elements%22%2C%22namespace%22%3A%22dsgnsys%22%2C%22url%22%3A%22https%3A%2F%2Fstatic.parastorage.com%2Fservices%2Feditor-elements%2F1.15026.0%22%7D%5D&remoteWidgetStructureBuilderVersion=1.251.0&siteId=2b49c50e-d616-4e7d-b324-e969d52f6312&siteRevision=156&staticHTMLComponentUrl=https%3A%2F%2Fwww-yuzuhairandbeauty-london.filesusr.com%2F&viewMode=desktop	-1	0	
https://static.parastorage.com/client/pfavico.ico	200	1150	/workspace/archive/yuzu_site_extra_assets/static.parastorage.com/client/pfavico.ico
https://static.parastorage.com/fonts/v2/296ebbdb-877c-42dd-aef2-d59454f660e3/v1/fraunces_120pt-semibold.woff2	200	29136	/workspace/archive/yuzu_site_extra_assets/static.parastorage.com/fonts/v2/296ebbdb-877c-42dd-aef2-d59454f660e3/v1/fraunces_120pt-semibold.woff2
https://static.parastorage.com/fonts/v2/2af1bf48-e783-4da8-9fa0-599dde29f2d5/v1/helvetica-lt-w10-roman.woff2	200	24252	/workspace/archive/yuzu_site_extra_assets/static.parastorage.com/fonts/v2/2af1bf48-e783-4da8-9fa0-599dde29f2d5/v1/helvetica-lt-w10-roman.woff2
https://static.parastorage.com/fonts/v2/2af1bf48-e783-4da8-9fa0-599dde29f2d5/v1/helvetica-w01-roman.woff2	200	36712	/workspace/archive/yuzu_site_extra_assets/static.parastorage.com/fonts/v2/2af1bf48-e783-4da8-9fa0-599dde29f2d5/v1/helvetica-w01-roman.woff2
https://static.parastorage.com/fonts/v2/2af1bf48-e783-4da8-9fa0-599dde29f2d5/v1/helvetica-w02-roman.woff2	200	41956	/workspace/archive/yuzu_site_extra_assets/static.parastorage.com/fonts/v2/2af1bf48-e783-4da8-9fa0-599dde29f2d5/v1/helvetica-w02-roman.woff2
https://static.parastorage.com/fonts/v2/5f456a47-a870-4626-bedc-13c20ea75b36/v1/trend-sans-w00-four.woff2	200	43404	/workspace/archive/yuzu_site_extra_assets/static.parastorage.com/fonts/v2/5f456a47-a870-4626-bedc-13c20ea75b36/v1/trend-sans-w00-four.woff2
https://static.parastorage.com/fonts/v2/790166f1-b347-4f16-8a29-f0c4931a7c35/v1/futura-lt-w01-book.woff2	200	18428	/workspace/archive/yuzu_site_extra_assets/static.parastorage.com/fonts/v2/790166f1-b347-4f16-8a29-f0c4931a7c35/v1/futura-lt-w01-book.woff2
https://static.parastorage.com/fonts/v2/93acb808-744e-4428-8997-cf787e08acf8/v1/fraunces_120pt-semibold.woff2	200	29184	/workspace/archive/yuzu_site_extra_assets/static.parastorage.com/fonts/v2/93acb808-744e-4428-8997-cf787e08acf8/v1/fraunces_120pt-semibold.woff2
https://static.parastorage.com/fonts/v2/af36905f-3c92-4ef9-b0c1-f91432f16ac1/v1/avenir-lt-w01_35-light1475496.woff2	200	17216	/workspace/archive/yuzu_site_extra_assets/static.parastorage.com/fonts/v2/af36905f-3c92-4ef9-b0c1-f91432f16ac1/v1/avenir-lt-w01_35-light1475496.woff2
https://static.parastorage.com/fonts/v2/af36905f-3c92-4ef9-b0c1-f91432f16ac1/v1/avenir-lt-w05_35-light.woff2	200	24560	/workspace/archive/yuzu_site_extra_assets/static.parastorage.com/fonts/v2/af36905f-3c92-4ef9-b0c1-f91432f16ac1/v1/avenir-lt-w05_35-light.woff2
https://static.parastorage.com/fonts/v2/cbb118cc-933f-4bd9-a15d-b652c420b710/v1/fraunces_120pt-semibold.woff2	200	35884	/workspace/archive/yuzu_site_extra_assets/static.parastorage.com/fonts/v2/cbb118cc-933f-4bd9-a15d-b652c420b710/v1/fraunces_120pt-semibold.woff2
https://static.parastorage.com/fonts/v2/eca8b0cd-45d8-43cf-aee7-ca462bc5497c/v1/din-next-w01-light.woff2	200	20988	/workspace/archive/yuzu_site_extra_assets/static.parastorage.com/fonts/v2/eca8b0cd-45d8-43cf-aee7-ca462bc5497c/v1/din-next-w01-light.woff2
https://static.parastorage.com/fonts/v2/eca8b0cd-45d8-43cf-aee7-ca462bc5497c/v1/din-next-w02-light.woff2	200	37024	/workspace/archive/yuzu_site_extra_assets/static.parastorage.com/fonts/v2/eca8b0cd-45d8-43cf-aee7-ca462bc5497c/v1/din-next-w02-light.woff2
https://static.parastorage.com/fonts/v2/eca8b0cd-45d8-43cf-aee7-ca462bc5497c/v1/din-next-w10-light.woff2	200	15504	/workspace/archive/yuzu_site_extra_assets/static.parastorage.com/fonts/v2/eca8b0cd-45d8-43cf-aee7-ca462bc5497c/v1/din-next-w10-light.woff2
https://static.parastorage.com/fonts/v2/f3fc14cf-004c-4dad-8fa9-8f75f7cdb270/v1/fraunces_120pt-semibold.woff2	200	35792	/workspace/archive/yuzu_site_extra_assets/static.parastorage.com/fonts/v2/f3fc14cf-004c-4dad-8fa9-8f75f7cdb270/v1/fraunces_120pt-semibold.woff2
https://static.parastorage.com/services	403	0	
https://static.parastorage.com/services/auto-frontend-modules/1.6238.0	403	0	
https://static.parastorage.com/services/bookings-app-builder-controllers/1.1941.0/	403	0	
https://static.parastorage.com/services/bookings-calendar-widget/1.3552.0/BookingCalendarController.bundle.min.js	200	509638	/workspace/archive/yuzu_site_extra_assets/static.parastorage.com/services/bookings-calendar-widget/1.3552.0/BookingCalendarController.bundle.min.js
https://static.parastorage.com/services/bookings-calendar-widget/1.3552.0/BookingCalendarViewerWidget.bundle.min.js	200	2434854	/workspace/archive/yuzu_site_extra_assets/static.parastorage.com/services/bookings-calendar-widget/1.3552.0/BookingCalendarViewerWidget.bundle.min.js
https://static.parastorage.com/services/bookings-calendar-widget/1.3552.0/BookingCalendarViewerWidgetNoCss.bundle.min.js	200	1636982	/workspace/archive/yuzu_site_extra_assets/static.parastorage.com/services/bookings-calendar-widget/1.3552.0/BookingCalendarViewerWidgetNoCss.bundle.min.js
https://static.parastorage.com/services/bookings-calendar-widget/1.3552.0/BookingCalendarWidgetController.bundle.min.js	200	509860	/workspace/archive/yuzu_site_extra_assets/static.parastorage.com/services/bookings-calendar-widget/1.3552.0/BookingCalendarWidgetController.bundle.min.js
https://static.parastorage.com/services/bookings-calendar-widget/1.3552.0/BookingCalendarWidgetViewerWidget.bundle.min.js	200	2434614	/workspace/archive/yuzu_site_extra_assets/static.parastorage.com/services/bookings-calendar-widget/1.3552.0/BookingCalendarWidgetViewerWidget.bundle.min.js
https://static.parastorage.com/services/bookings-calendar-widget/1.3552.0/BookingCalendarWidgetViewerWidgetNoCss.bundle.min.js	200	1636758	/workspace/archive/yuzu_site_extra_assets/static.parastorage.com/services/bookings-calendar-widget/1.3552.0/BookingCalendarWidgetViewerWidgetNoCss.bundle.min.js
https://static.parastorage.com/services/bookings-calendar-widget/1.3552.0/DailyAgendaController.bundle.min.js	200	510443	/workspace/archive/yuzu_site_extra_assets/static.parastorage.com/services/bookings-calendar-widget/1.3552.0/DailyAgendaController.bundle.min.js
https://static.parastorage.com/services/bookings-calendar-widget/1.3552.0/DailyAgendaViewerWidget.bundle.min.js	200	2434594	/workspace/archive/yuzu_site_extra_assets/static.parastorage.com/services/bookings-calendar-widget/1.3552.0/DailyAgendaViewerWidget.bundle.min.js
https://static.parastorage.com/services/bookings-calendar-widget/1.3552.0/DailyAgendaViewerWidgetNoCss.bundle.min.js	200	1636742	/workspace/archive/yuzu_site_extra_assets/static.parastorage.com/services/bookings-calendar-widget/1.3552.0/DailyAgendaViewerWidgetNoCss.bundle.min.js
https://static.parastorage.com/services/bookings-calendar-widget/1.3552.0/WeeklyTimetableController.bundle.min.js	200	510330	/workspace/archive/yuzu_site_extra_assets/static.parastorage.com/services/bookings-calendar-widget/1.3552.0/WeeklyTimetableController.bundle.min.js
https://static.parastorage.com/services/bookings-calendar-widget/1.3552.0/WeeklyTimetableViewerWidget.bundle.min.js	200	2434606	/workspace/archive/yuzu_site_extra_assets/static.parastorage.com/services/bookings-calendar-widget/1.3552.0/WeeklyTimetableViewerWidget.bundle.min.js
https://static.parastorage.com/services/bookings-calendar-widget/1.3552.0/WeeklyTimetableViewerWidgetNoCss.bundle.min.js	200	1636748	/workspace/archive/yuzu_site_extra_assets/static.parastorage.com/services/bookings-calendar-widget/1.3552.0/WeeklyTimetableViewerWidgetNoCss.bundle.min.js
https://static.parastorage.com/services/bookings-daily-agenda-widget/1.617.0/DailyAgendaController.bundle.min.js	200	247296	/workspace/archive/yuzu_site_extra_assets/static.parastorage.com/services/bookings-daily-agenda-widget/1.617.0/DailyAgendaController.bundle.min.js
https://static.parastorage.com/services/bookings-daily-agenda-widget/1.617.0/DailyAgendaViewerWidget.bundle.min.js	200	1002295	/workspace/archive/yuzu_site_extra_assets/static.parastorage.com/services/bookings-daily-agenda-widget/1.617.0/DailyAgendaViewerWidget.bundle.min.js
https://static.parastorage.com/services/bookings-daily-agenda-widget/1.617.0/DailyAgendaViewerWidgetNoCss.bundle.min.js	200	521563	/workspace/archive/yuzu_site_extra_assets/static.parastorage.com/services/bookings-daily-agenda-widget/1.617.0/DailyAgendaViewerWidgetNoCss.bundle.min.js
https://static.parastorage.com/services/bookings-form-widget/1.2384.0/BookingsFormController.bundle.min.js	200	1527886	/workspace/archive/yuzu_site_extra_assets/static.parastorage.com/services/bookings-form-widget/1.2384.0/BookingsFormController.bundle.min.js
https://static.parastorage.com/services/bookings-form-widget/1.2384.0/BookingsFormViewerWidget.bundle.min.js	200	3061803	/workspace/archive/yuzu_site_extra_assets/static.parastorage.com/services/bookings-form-widget/1.2384.0/BookingsFormViewerWidget.bundle.min.js
https://static.parastorage.com/services/bookings-form-widget/1.2384.0/BookingsFormViewerWidgetNoCss.bundle.min.js	200	1890501	/workspace/archive/yuzu_site_extra_assets/static.parastorage.com/services/bookings-form-widget/1.2384.0/BookingsFormViewerWidgetNoCss.bundle.min.js
https://static.parastorage.com/services/bookings-my-bookings-widget/1.651.0/MyBookingsController.bundle.min.js	200	230390	/workspace/archive/yuzu_site_extra_assets/static.parastorage.com/services/bookings-my-bookings-widget/1.651.0/MyBookingsController.bundle.min.js
https://static.parastorage.com/services/bookings-my-bookings-widget/1.651.0/MyBookingsViewerWidget.bundle.min.js	200	1888706	/workspace/archive/yuzu_site_extra_assets/static.parastorage.com/services/bookings-my-bookings-widget/1.651.0/MyBookingsViewerWidget.bundle.min.js
https://static.parastorage.com/services/bookings-my-bookings-widget/1.651.0/MyBookingsViewerWidgetNoCss.bundle.min.js	200	1341188	/workspace/archive/yuzu_site_extra_assets/static.parastorage.com/services/bookings-my-bookings-widget/1.651.0/MyBookingsViewerWidgetNoCss.bundle.min.js
https://static.parastorage.com/services/bookings-service-details-widget/1.3470.0/BookingServicePageController.bundle.min.js	200	401717	/workspace/archive/yuzu_site_extra_assets/static.parastorage.com/services/bookings-service-details-widget/1.3470.0/BookingServicePageController.bundle.min.js
https://static.parastorage.com/services/bookings-service-details-widget/1.3470.0/BookingServicePageViewerWidget.bundle.min.js	200	1132706	/workspace/archive/yuzu_site_extra_assets/static.parastorage.com/services/bookings-service-details-widget/1.3470.0/BookingServicePageViewerWidget.bundle.min.js
https://static.parastorage.com/services/bookings-service-details-widget/1.3470.0/BookingServicePageViewerWidgetNoCss.bundle.min.js	200	474059	/workspace/archive/yuzu_site_extra_assets/static.parastorage.com/services/bookings-service-details-widget/1.3470.0/BookingServicePageViewerWidgetNoCss.bundle.min.js
https://static.parastorage.com/services/bookings-service-list-widget/1.2194.0/BookOnlineController.bundle.min.js	200	544332	/workspace/archive/yuzu_site_extra_assets/static.parastorage.com/services/bookings-service-list-widget/1.2194.0/BookOnlineController.bundle.min.js
https://static.parastorage.com/services/bookings-service-list-widget/1.2194.0/BookOnlineViewerWidget.bundle.min.js	200	924392	/workspace/archive/yuzu_site_extra_assets/static.parastorage.com/services/bookings-service-list-widget/1.2194.0/BookOnlineViewerWidget.bundle.min.js
https://static.parastorage.com/services/bookings-service-list-widget/1.2194.0/BookOnlineViewerWidgetNoCss.bundle.min.js	200	515919	/workspace/archive/yuzu_site_extra_assets/static.parastorage.com/services/bookings-service-list-widget/1.2194.0/BookOnlineViewerWidgetNoCss.bundle.min.js
https://static.parastorage.com/services/bookings-service-list-widget/1.2194.0/ServiceListWidgetController.bundle.min.js	200	544412	/workspace/archive/yuzu_site_extra_assets/static.parastorage.com/services/bookings-service-list-widget/1.2194.0/ServiceListWidgetController.bundle.min.js
https://static.parastorage.com/services/bookings-service-list-widget/1.2194.0/ServiceListWidgetViewerWidget.bundle.min.js	200	918531	/workspace/archive/yuzu_site_extra_assets/static.parastorage.com/services/bookings-service-list-widget/1.2194.0/ServiceListWidgetViewerWidget.bundle.min.js
https://static.parastorage.com/services/bookings-service-list-widget/1.2194.0/ServiceListWidgetViewerWidgetNoCss.bundle.min.js	200	510056	/workspace/archive/yuzu_site_extra_assets/static.parastorage.com/services/bookings-service-list-widget/1.2194.0/ServiceListWidgetViewerWidgetNoCss.bundle.min.js
https://static.parastorage.com/services/bookings-viewer-script/1.3986.0/bookingsEditorScript.bundle.min.js	200	544037	/workspace/archive/yuzu_site_extra_assets/static.parastorage.com/services/bookings-viewer-script/1.3986.0/bookingsEditorScript.bundle.min.js
https://static.parastorage.com/services/bookings-viewer-script/1.3986.0/bookingsViewerScript.bundle.min.js	200	582454	/workspace/archive/yuzu_site_extra_assets/static.parastorage.com/services/bookings-viewer-script/1.3986.0/bookingsViewerScript.bundle.min.js
https://static.parastorage.com/services/bookings-widget-viewer/1.1748.0/	403	0	
https://static.parastorage.com/services/bookings-widget-viewer/1.1775.0/	403	0	
https://static.parastorage.com/services/bookings-widget-viewer/1.1775.0/component.bundle.min.js	200	533663	/workspace/archive/yuzu_site_extra_assets/static.parastorage.com/services/bookings-widget-viewer/1.1775.0/component.bundle.min.js
https://static.parastorage.com/services/bookings-widget/1.5494.0/	403	0	
https://static.parastorage.com/services/chat-worker/1.1239.0/editor-script.bundle.min.js	200	71932	/workspace/archive/yuzu_site_extra_assets/static.parastorage.com/services/chat-worker/1.1239.0/editor-script.bundle.min.js
https://static.parastorage.com/services/chat-worker/1.1239.0/viewer-script.bundle.min.js	200	15078	/workspace/archive/yuzu_site_extra_assets/static.parastorage.com/services/chat-worker/1.1239.0/viewer-script.bundle.min.js
https://static.parastorage.com/services/dbsm-viewer-app/1.9025.0	403	0	
https://static.parastorage.com/services/dbsm-viewer-app/1.9025.0/app.js	200	329554	/workspace/archive/yuzu_site_extra_assets/static.parastorage.com/services/dbsm-viewer-app/1.9025.0/app.js
https://static.parastorage.com/services/ecom-platform-cart-icon/1.2233.0/CartIconController.bundle.min.js	200	115442	/workspace/archive/yuzu_site_extra_assets/static.parastorage.com/services/ecom-platform-cart-icon/1.2233.0/CartIconController.bundle.min.js
https://static.parastorage.com/services/ecom-platform-cart-icon/1.2233.0/CartIconViewerWidget.bundle.min.js	200	368572	/workspace/archive/yuzu_site_extra_assets/static.parastorage.com/services/ecom-platform-cart-icon/1.2233.0/CartIconViewerWidget.bundle.min.js
https://static.parastorage.com/services/ecom-platform-cart-icon/1.2233.0/CartIconViewerWidgetNoCss.bundle.min.js	200	190364	/workspace/archive/yuzu_site_extra_assets/static.parastorage.com/services/ecom-platform-cart-icon/1.2233.0/CartIconViewerWidgetNoCss.bundle.min.js
https://static.parastorage.com/services/ecom-platform-checkout/1.6836.0/BundleBundleController.bundle.min.js	403	0	
https://static.parastorage.com/services/ecom-platform-checkout/1.6836.0/BundleBundleViewerWidget.bundle.min.js	403	0	
https://static.parastorage.com/services/ecom-platform-checkout/1.6836.0/CheckoutController.bundle.min.js	200	1618052	/workspace/archive/yuzu_site_extra_assets/static.parastorage.com/services/ecom-platform-checkout/1.6836.0/CheckoutController.bundle.min.js
https://static.parastorage.com/services/ecom-platform-checkout/1.6836.0/CheckoutViewerWidget.bundle.min.js	200	4083894	/workspace/archive/yuzu_site_extra_assets/static.parastorage.com/services/ecom-platform-checkout/1.6836.0/CheckoutViewerWidget.bundle.min.js
https://static.parastorage.com/services/ecom-platform-checkout/1.6836.0/CheckoutViewerWidgetNoCss.bundle.min.js	200	2817512	/workspace/archive/yuzu_site_extra_assets/static.parastorage.com/services/ecom-platform-checkout/1.6836.0/CheckoutViewerWidgetNoCss.bundle.min.js
https://static.parastorage.com/services/ecom-platform-checkout/1.6836.0/PaymentRequestController.bundle.min.js	200	203825	/workspace/archive/yuzu_site_extra_assets/static.parastorage.com/services/ecom-platform-checkout/1.6836.0/PaymentRequestController.bundle.min.js
https://static.parastorage.com/services/ecom-platform-checkout/1.6836.0/PaymentRequestViewerWidget.bundle.min.js	200	900370	/workspace/archive/yuzu_site_extra_assets/static.parastorage.com/services/ecom-platform-checkout/1.6836.0/PaymentRequestViewerWidget.bundle.min.js
https://static.parastorage.com/services/editor-elements-library/dist/thunderbolt/media/sloppyframe.d2412ec4.png	200	40949	/workspace/archive/yuzu_site_extra_assets/static.parastorage.com/services/editor-elements-library/dist/thunderbolt/media/sloppyframe.d2412ec4.png
https://static.parastorage.com/services/editor-elements-library/dist/thunderbolt/rb_wixui.thunderbolt[AppWidget_Classic].4049eab0.min.css	200	915	/workspace/archive/yuzu_site_extra_assets/static.parastorage.com/services/editor-elements-library/dist/thunderbolt/rb_wixui.thunderbolt[AppWidget_Classic].4049eab0.min.css
https://static.parastorage.com/services/editor-elements-library/dist/thunderbolt/rb_wixui.thunderbolt[ClassicSection].6435d050.min.css	200	6030	/workspace/archive/yuzu_site_extra_assets/static.parastorage.com/services/editor-elements-library/dist/thunderbolt/rb_wixui.thunderbolt[ClassicSection].6435d050.min.css
https://static.parastorage.com/services/editor-elements-library/dist/thunderbolt/rb_wixui.thunderbolt[Container_DefaultAreaSkin].4f93d927.min.css	200	796	/workspace/archive/yuzu_site_extra_assets/static.parastorage.com/services/editor-elements-library/dist/thunderbolt/rb_wixui.thunderbolt[Container_DefaultAreaSkin].4f93d927.min.css
https://static.parastorage.com/services/editor-elements-library/dist/thunderbolt/rb_wixui.thunderbolt[Container_RectangleArea].8fabd043.min.css	200	315	/workspace/archive/yuzu_site_extra_assets/static.parastorage.com/services/editor-elements-library/dist/thunderbolt/rb_wixui.thunderbolt[Container_RectangleArea].8fabd043.min.css
https://static.parastorage.com/services/editor-elements-library/dist/thunderbolt/rb_wixui.thunderbolt[FiveGridLine_SolidLine].23b2f23d.min.css	200	132	/workspace/archive/yuzu_site_extra_assets/static.parastorage.com/services/editor-elements-library/dist/thunderbolt/rb_wixui.thunderbolt[FiveGridLine_SolidLine].23b2f23d.min.css
https://static.parastorage.com/services/editor-elements-library/dist/thunderbolt/rb_wixui.thunderbolt[FormContainer_FormContainerSkin].bbc5b359.min.css	200	466	/workspace/archive/yuzu_site_extra_assets/static.parastorage.com/services/editor-elements-library/dist/thunderbolt/rb_wixui.thunderbolt[FormContainer_FormContainerSkin].bbc5b359.min.css
https://static.parastorage.com/services/editor-elements-library/dist/thunderbolt/rb_wixui.thunderbolt[GoogleMap].5b57e117.min.css	200	8453	/workspace/archive/yuzu_site_extra_assets/static.parastorage.com/services/editor-elements-library/dist/thunderbolt/rb_wixui.thunderbolt[GoogleMap].5b57e117.min.css
https://static.parastorage.com/services/editor-elements-library/dist/thunderbolt/rb_wixui.thunderbolt[SkipToContentButton].39deac6a.min.css	200	417	/workspace/archive/yuzu_site_extra_assets/static.parastorage.com/services/editor-elements-library/dist/thunderbolt/rb_wixui.thunderbolt[SkipToContentButton].39deac6a.min.css
https://static.parastorage.com/services/editor-elements-library/dist/thunderbolt/rb_wixui.thunderbolt[StripColumnsContainer_Default].74034efe.min.css	200	6814	/workspace/archive/yuzu_site_extra_assets/static.parastorage.com/services/editor-elements-library/dist/thunderbolt/rb_wixui.thunderbolt[StripColumnsContainer_Default].74034efe.min.css
https://static.parastorage.com/services/editor-elements-library/dist/thunderbolt/rb_wixui.thunderbolt[StylableButton_Default].e469137d.min.css	200	4236	/workspace/archive/yuzu_site_extra_assets/static.parastorage.com/services/editor-elements-library/dist/thunderbolt/rb_wixui.thunderbolt[StylableButton_Default].e469137d.min.css
https://static.parastorage.com/services/editor-elements-library/dist/thunderbolt/rb_wixui.thunderbolt[TextAreaInput].abad0a54.min.css	200	6345	/workspace/archive/yuzu_site_extra_assets/static.parastorage.com/services/editor-elements-library/dist/thunderbolt/rb_wixui.thunderbolt[TextAreaInput].abad0a54.min.css
https://static.parastorage.com/services/editor-elements-library/dist/thunderbolt/rb_wixui.thunderbolt[TextInput].eedc8640.min.css	200	7145	/workspace/archive/yuzu_site_extra_assets/static.parastorage.com/services/editor-elements-library/dist/thunderbolt/rb_wixui.thunderbolt[TextInput].eedc8640.min.css
https://static.parastorage.com/services/editor-elements-library/dist/thunderbolt/rb_wixui.thunderbolt[VerticalMenu_VerticalMenuSolidColorSkin].f3d639a0.min.css	200	5822	/workspace/archive/yuzu_site_extra_assets/static.parastorage.com/services/editor-elements-library/dist/thunderbolt/rb_wixui.thunderbolt[VerticalMenu_VerticalMenuSolidColorSkin].f3d639a0.min.css
https://static.parastorage.com/services/editor-elements-library/dist/thunderbolt/rb_wixui.thunderbolt_bootstrap-classic.72e6a2a3.min.css	200	21932	/workspace/archive/yuzu_site_extra_assets/static.parastorage.com/services/editor-elements-library/dist/thunderbolt/rb_wixui.thunderbolt_bootstrap-classic.72e6a2a3.min.css
https://static.parastorage.com/services/editor-elements-library/dist/thunderbolt/rb_wixui.thunderbolt_bootstrap-responsive.5018a9e9.min.css	200	2731	/workspace/archive/yuzu_site_extra_assets/static.parastorage.com/services/editor-elements-library/dist/thunderbolt/rb_wixui.thunderbolt_bootstrap-responsive.5018a9e9.min.css
https://static.parastorage.com/services/editor-elements-library/dist/thunderbolt/rb_wixui.thunderbolt_bootstrap.b6030042.min.css	200	13547	/workspace/archive/yuzu_site_extra_assets/static.parastorage.com/services/editor-elements-library/dist/thunderbolt/rb_wixui.thunderbolt_bootstrap.b6030042.min.css
https://static.parastorage.com/services/editor-elements/1.15026.0	403	0	
https://static.parastorage.com/services/editor-elements/1.15034.0	403	0	
https://static.parastorage.com/services/fonts-data/dist/fonts.hz267ac7fkkfb3a18o8z.css	200	3259047	/workspace/archive/yuzu_site_extra_assets/static.parastorage.com/services/fonts-data/dist/fonts.hz267ac7fkkfb3a18o8z.css
https://static.parastorage.com/services/fonts-data/dist/google.kuw5gk7jh0nwy00zmif1.css	200	1064628	/workspace/archive/yuzu_site_extra_assets/static.parastorage.com/services/fonts-data/dist/google.kuw5gk7jh0nwy00zmif1.css
https://static.parastorage.com/services/fonts-data/dist/wixMadefor.j95mkaziqjnrn77aekr8.css	200	19554	/workspace/archive/yuzu_site_extra_assets/static.parastorage.com/services/fonts-data/dist/wixMadefor.j95mkaziqjnrn77aekr8.css
https://static.parastorage.com/services/forms-viewer/1.883.0/viewerScript.bundle.min.js	200	146300	/workspace/archive/yuzu_site_extra_assets/static.parastorage.com/services/forms-viewer/1.883.0/viewerScript.bundle.min.js
https://static.parastorage.com/services/my-account-ooi/1.2799.0/	403	0	
https://static.parastorage.com/services/my-account-ooi/1.2799.0/MyAccountController.bundle.min.js	200	402929	/workspace/archive/yuzu_site_extra_assets/static.parastorage.com/services/my-account-ooi/1.2799.0/MyAccountController.bundle.min.js
https://static.parastorage.com/services/my-account-ooi/1.2799.0/MyAccountViewerWidget.bundle.min.js	200	1208109	/workspace/archive/yuzu_site_extra_assets/static.parastorage.com/services/my-account-ooi/1.2799.0/MyAccountViewerWidget.bundle.min.js
https://static.parastorage.com/services/my-account-ooi/1.2799.0/MyAccountViewerWidgetNoCss.bundle.min.js	200	224320	/workspace/archive/yuzu_site_extra_assets/static.parastorage.com/services/my-account-ooi/1.2799.0/MyAccountViewerWidgetNoCss.bundle.min.js
https://static.parastorage.com/services/my-account-ooi/1.2799.0/editorScript.bundle.min.js	200	116547	/workspace/archive/yuzu_site_extra_assets/static.parastorage.com/services/my-account-ooi/1.2799.0/editorScript.bundle.min.js
https://static.parastorage.com/services/my-account-ooi/1.2799.0/viewerScript.bundle.min.js	200	148917	/workspace/archive/yuzu_site_extra_assets/static.parastorage.com/services/my-account-ooi/1.2799.0/viewerScript.bundle.min.js
https://static.parastorage.com/services/my-account-ooi/1.2809.0	403	0	
https://static.parastorage.com/services/pro-gallery-tpa/1.1509.0/	403	0	
https://static.parastorage.com/services/pro-gallery-tpa/1.1509.0/WixProGalleryController.bundle.min.js	200	510834	/workspace/archive/yuzu_site_extra_assets/static.parastorage.com/services/pro-gallery-tpa/1.1509.0/WixProGalleryController.bundle.min.js
https://static.parastorage.com/services/pro-gallery-tpa/1.1509.0/WixProGalleryViewerWidget.bundle.min.js	200	1111515	/workspace/archive/yuzu_site_extra_assets/static.parastorage.com/services/pro-gallery-tpa/1.1509.0/WixProGalleryViewerWidget.bundle.min.js
https://static.parastorage.com/services/pro-gallery-tpa/1.1509.0/editorScript.bundle.min.js	200	186358	/workspace/archive/yuzu_site_extra_assets/static.parastorage.com/services/pro-gallery-tpa/1.1509.0/editorScript.bundle.min.js
https://static.parastorage.com/services/pro-gallery-tpa/1.1509.0/viewerScript.bundle.min.js	200	499964	/workspace/archive/yuzu_site_extra_assets/static.parastorage.com/services/pro-gallery-tpa/1.1509.0/viewerScript.bundle.min.js
https://static.parastorage.com/services/profile-card-tpa-ooi/1.2903.0	403	0	
https://static.parastorage.com/services/profile-card-tpa-ooi/1.2903.0/	403	0	
https://static.parastorage.com/services/profile-card-tpa-ooi/1.2903.0/ProfileCardController.bundle.min.js	200	266272	/workspace/archive/yuzu_site_extra_assets/static.parastorage.com/services/profile-card-tpa-ooi/1.2903.0/ProfileCardController.bundle.min.js
https://static.parastorage.com/services/profile-card-tpa-ooi/1.2903.0/ProfileCardViewerWidget.bundle.min.js	200	489222	/workspace/archive/yuzu_site_extra_assets/static.parastorage.com/services/profile-card-tpa-ooi/1.2903.0/ProfileCardViewerWidget.bundle.min.js
https://static.parastorage.com/services/profile-card-tpa-ooi/1.2903.0/ProfileCardViewerWidget.min.css	200	4387	/workspace/archive/yuzu_site_extra_assets/static.parastorage.com/services/profile-card-tpa-ooi/1.2903.0/ProfileCardViewerWidget.min.css
https://static.parastorage.com/services/profile-card-tpa-ooi/1.2903.0/ProfileCardViewerWidgetNoCss.bundle.min.js	200	249585	/workspace/archive/yuzu_site_extra_assets/static.parastorage.com/services/profile-card-tpa-ooi/1.2903.0/ProfileCardViewerWidgetNoCss.bundle.min.js
https://static.parastorage.com/services/profile-card-tpa-ooi/1.2903.0/editorScript.bundle.min.js	200	156041	/workspace/archive/yuzu_site_extra_assets/static.parastorage.com/services/profile-card-tpa-ooi/1.2903.0/editorScript.bundle.min.js
https://static.parastorage.com/services/profile-card-tpa-ooi/1.2903.0/viewerScript.bundle.min.js	200	143730	/workspace/archive/yuzu_site_extra_assets/static.parastorage.com/services/profile-card-tpa-ooi/1.2903.0/viewerScript.bundle.min.js
https://static.parastorage.com/services/santa-members-editor-app/1.4379.0/editorAppModule.bundle.min.js	200	472624	/workspace/archive/yuzu_site_extra_assets/static.parastorage.com/services/santa-members-editor-app/1.4379.0/editorAppModule.bundle.min.js
https://static.parastorage.com/services/santa-members-editor-app/1.4381.0/editorAppModule.bundle.min.js	200	472877	/workspace/archive/yuzu_site_extra_assets/static.parastorage.com/services/santa-members-editor-app/1.4381.0/editorAppModule.bundle.min.js
https://static.parastorage.com/services/santa-members-viewer-app/1.2831.0/viewerScript.bundle.min.js	200	194690	/workspace/archive/yuzu_site_extra_assets/static.parastorage.com/services/santa-members-viewer-app/1.2831.0/viewerScript.bundle.min.js
https://static.parastorage.com/services/santa-resources/resources/viewer/editorUI/fonts.v19.png	200	476525	/workspace/archive/yuzu_site_extra_assets/static.parastorage.com/services/santa-resources/resources/viewer/editorUI/fonts.v19.png
https://static.parastorage.com/services/subscriptions-tpa/1.1199.0	403	0	
https://static.parastorage.com/services/subscriptions-tpa/1.1199.0/	403	0	
https://static.parastorage.com/services/subscriptions-tpa/1.1199.0/MySubscriptionsController.bundle.min.js	200	193448	/workspace/archive/yuzu_site_extra_assets/static.parastorage.com/services/subscriptions-tpa/1.1199.0/MySubscriptionsController.bundle.min.js
https://static.parastorage.com/services/subscriptions-tpa/1.1199.0/MySubscriptionsViewerWidget.bundle.min.js	200	1754292	/workspace/archive/yuzu_site_extra_assets/static.parastorage.com/services/subscriptions-tpa/1.1199.0/MySubscriptionsViewerWidget.bundle.min.js
https://static.parastorage.com/services/subscriptions-tpa/1.1199.0/editorScript.bundle.min.js	200	107809	/workspace/archive/yuzu_site_extra_assets/static.parastorage.com/services/subscriptions-tpa/1.1199.0/editorScript.bundle.min.js
https://static.parastorage.com/services/subscriptions-tpa/1.1199.0/viewerScript.bundle.min.js	200	153729	/workspace/archive/yuzu_site_extra_assets/static.parastorage.com/services/subscriptions-tpa/1.1199.0/viewerScript.bundle.min.js
https://static.parastorage.com/services/tag-manager-client/1.1028.0/siteTags.bundle.min.js	200	9582	/workspace/archive/yuzu_site_extra_assets/static.parastorage.com/services/tag-manager-client/1.1028.0/siteTags.bundle.min.js
https://static.parastorage.com/services/wix-code-platform/1.1097.93	403	0	
https://static.parastorage.com/services/wix-code-viewer-app/1.1479.749/app.js	200	245770	/workspace/archive/yuzu_site_extra_assets/static.parastorage.com/services/wix-code-viewer-app/1.1479.749/app.js
https://static.parastorage.com/services/wix-thunderbolt/dist/	403	0	
https://static.parastorage.com/services/wix-thunderbolt/dist/Repeater_FixedColumns.d6ea6918.chunk.min.css	200	4179	/workspace/archive/yuzu_site_extra_assets/static.parastorage.com/services/wix-thunderbolt/dist/Repeater_FixedColumns.d6ea6918.chunk.min.css
https://static.parastorage.com/services/wix-thunderbolt/dist/TPABaseComponent.fc3eeaee.chunk.min.css	200	326	/workspace/archive/yuzu_site_extra_assets/static.parastorage.com/services/wix-thunderbolt/dist/TPABaseComponent.fc3eeaee.chunk.min.css
https://static.parastorage.com/services/wix-thunderbolt/dist/bi-common.inline.4090635d.bundle.min.js	200	7106	/workspace/archive/yuzu_site_extra_assets/static.parastorage.com/services/wix-thunderbolt/dist/bi-common.inline.4090635d.bundle.min.js
https://static.parastorage.com/services/wix-thunderbolt/dist/bi.inline.af370d22.bundle.min.js	200	6641	/workspace/archive/yuzu_site_extra_assets/static.parastorage.com/services/wix-thunderbolt/dist/bi.inline.af370d22.bundle.min.js
https://static.parastorage.com/services/wix-thunderbolt/dist/browser-deprecation.bundle.es5.js	200	3828	/workspace/archive/yuzu_site_extra_assets/static.parastorage.com/services/wix-thunderbolt/dist/browser-deprecation.bundle.es5.js
https://static.parastorage.com/services/wix-thunderbolt/dist/clientWorker.7cf0945f.bundle.min.js	200	651429	/workspace/archive/yuzu_site_extra_assets/static.parastorage.com/services/wix-thunderbolt/dist/clientWorker.7cf0945f.bundle.min.js
https://static.parastorage.com/services/wix-thunderbolt/dist/createPlatformWorker.inline.5582455f.bundle.min.js	200	1712	/workspace/archive/yuzu_site_extra_assets/static.parastorage.com/services/wix-thunderbolt/dist/createPlatformWorker.inline.5582455f.bundle.min.js
https://static.parastorage.com/services/wix-thunderbolt/dist/custom-element-utils.inline.dfd062cc.bundle.min.js	200	54908	/workspace/archive/yuzu_site_extra_assets/static.parastorage.com/services/wix-thunderbolt/dist/custom-element-utils.inline.dfd062cc.bundle.min.js
https://static.parastorage.com/services/wix-thunderbolt/dist/externals-registry.inline.2c3a9b6e.bundle.min.js	200	1012	/workspace/archive/yuzu_site_extra_assets/static.parastorage.com/services/wix-thunderbolt/dist/externals-registry.inline.2c3a9b6e.bundle.min.js
https://static.parastorage.com/services/wix-thunderbolt/dist/fastdom.inline.58a6f94c.bundle.min.js	200	1566	/workspace/archive/yuzu_site_extra_assets/static.parastorage.com/services/wix-thunderbolt/dist/fastdom.inline.58a6f94c.bundle.min.js
https://static.parastorage.com/services/wix-thunderbolt/dist/group_7.882d8423.chunk.min.css	200	120	/workspace/archive/yuzu_site_extra_assets/static.parastorage.com/services/wix-thunderbolt/dist/group_7.882d8423.chunk.min.css
https://static.parastorage.com/services/wix-thunderbolt/dist/handleAccessTokens.inline.dc220a1a.bundle.min.js	200	6687	/workspace/archive/yuzu_site_extra_assets/static.parastorage.com/services/wix-thunderbolt/dist/handleAccessTokens.inline.dc220a1a.bundle.min.js
https://static.parastorage.com/services/wix-thunderbolt/dist/initCustomElements.inline.25987d64.bundle.min.js	200	9604	/workspace/archive/yuzu_site_extra_assets/static.parastorage.com/services/wix-thunderbolt/dist/initCustomElements.inline.25987d64.bundle.min.js
https://static.parastorage.com/services/wix-thunderbolt/dist/lazyCustomElementWrapper.inline.0a0bab45.bundle.min.js	200	425	/workspace/archive/yuzu_site_extra_assets/static.parastorage.com/services/wix-thunderbolt/dist/lazyCustomElementWrapper.inline.0a0bab45.bundle.min.js
https://static.parastorage.com/services/wix-thunderbolt/dist/main.68cf4735.bundle.min.js	200	222135	/workspace/archive/yuzu_site_extra_assets/static.parastorage.com/services/wix-thunderbolt/dist/main.68cf4735.bundle.min.js
https://static.parastorage.com/services/wix-thunderbolt/dist/main.ad32ab84.min.css	200	3648	/workspace/archive/yuzu_site_extra_assets/static.parastorage.com/services/wix-thunderbolt/dist/main.ad32ab84.min.css
https://static.parastorage.com/services/wix-thunderbolt/dist/main.renderer.0e79bfca.min.css	200	9363	/workspace/archive/yuzu_site_extra_assets/static.parastorage.com/services/wix-thunderbolt/dist/main.renderer.0e79bfca.min.css
https://static.parastorage.com/services/wix-thunderbolt/dist/main.renderer.99fa8096.bundle.min.js	200	152	/workspace/archive/yuzu_site_extra_assets/static.parastorage.com/services/wix-thunderbolt/dist/main.renderer.99fa8096.bundle.min.js
https://static.parastorage.com/services/wix-thunderbolt/dist/mainSdks.3f2354d5.chunk.min.js	200	29799	/workspace/archive/yuzu_site_extra_assets/static.parastorage.com/services/wix-thunderbolt/dist/mainSdks.3f2354d5.chunk.min.js
https://static.parastorage.com/services/wix-thunderbolt/dist/nonMainSdks.b8fced9e.chunk.min.js	200	76548	/workspace/archive/yuzu_site_extra_assets/static.parastorage.com/services/wix-thunderbolt/dist/nonMainSdks.b8fced9e.chunk.min.js
https://static.parastorage.com/services/wix-thunderbolt/dist/overrideGlobals.inline.306e90d8.bundle.min.js	200	6704	/workspace/archive/yuzu_site_extra_assets/static.parastorage.com/services/wix-thunderbolt/dist/overrideGlobals.inline.306e90d8.bundle.min.js
https://static.parastorage.com/services/wix-thunderbolt/dist/sendBeat12.inline.0586dbc8.bundle.min.js	200	6770	/workspace/archive/yuzu_site_extra_assets/static.parastorage.com/services/wix-thunderbolt/dist/sendBeat12.inline.0586dbc8.bundle.min.js
https://static.parastorage.com/services/wix-thunderbolt/dist/sendFedopsLoadStarted.inline.b8cb039e.bundle.min.js	200	6330	/workspace/archive/yuzu_site_extra_assets/static.parastorage.com/services/wix-thunderbolt/dist/sendFedopsLoadStarted.inline.b8cb039e.bundle.min.js
https://static.parastorage.com/services/wix-thunderbolt/dist/thunderbolt-commons.f05e8dac.bundle.min.js	200	160064	/workspace/archive/yuzu_site_extra_assets/static.parastorage.com/services/wix-thunderbolt/dist/thunderbolt-commons.f05e8dac.bundle.min.js
https://static.parastorage.com/services/wix-thunderbolt/dist/webpack-runtime.33bed234.bundle.min.js	200	13967	/workspace/archive/yuzu_site_extra_assets/static.parastorage.com/services/wix-thunderbolt/dist/webpack-runtime.33bed234.bundle.min.js
https://static.parastorage.com/services/wix-thunderbolt/dist/windowMessageRegister.inline.d8470fd7.bundle.min.js	200	578	/workspace/archive/yuzu_site_extra_assets/static.parastorage.com/services/wix-thunderbolt/dist/windowMessageRegister.inline.d8470fd7.bundle.min.js
https://static.parastorage.com/services/wix-thunderbolt/dist/wixDropdownWrapper.inline.03d1fda0.bundle.min.js	200	191	/workspace/archive/yuzu_site_extra_assets/static.parastorage.com/services/wix-thunderbolt/dist/wixDropdownWrapper.inline.03d1fda0.bundle.min.js
https://static.parastorage.com/services/wixstores-client-add-to-cart/1.1496.0/	403	0	
https://static.parastorage.com/services/wixstores-client-add-to-cart/1.1496.0/addToCart.bundle.min.js	200	347114	/workspace/archive/yuzu_site_extra_assets/static.parastorage.com/services/wixstores-client-add-to-cart/1.1496.0/addToCart.bundle.min.js
https://static.parastorage.com/services/wixstores-client-add-to-cart/1.1496.0/addToCartController.bundle.min.js	200	69234	/workspace/archive/yuzu_site_extra_assets/static.parastorage.com/services/wixstores-client-add-to-cart/1.1496.0/addToCartController.bundle.min.js
https://static.parastorage.com/services/wixstores-client-add-to-cart/1.1496.0/addToCartNoCss.bundle.min.js	200	30686	/workspace/archive/yuzu_site_extra_assets/static.parastorage.com/services/wixstores-client-add-to-cart/1.1496.0/addToCartNoCss.bundle.min.js
https://static.parastorage.com/services/wixstores-client-cart-icon/1.2290.0/	403	0	
https://static.parastorage.com/services/wixstores-client-cart-ooi/1.6004.0/	403	0	
https://static.parastorage.com/services/wixstores-client-cart-ooi/1.6004.0/SideCartController.bundle.min.js	200	613120	/workspace/archive/yuzu_site_extra_assets/static.parastorage.com/services/wixstores-client-cart-ooi/1.6004.0/SideCartController.bundle.min.js
https://static.parastorage.com/services/wixstores-client-cart-ooi/1.6004.0/SideCartViewerWidget.bundle.min.js	200	1012163	/workspace/archive/yuzu_site_extra_assets/static.parastorage.com/services/wixstores-client-cart-ooi/1.6004.0/SideCartViewerWidget.bundle.min.js
https://static.parastorage.com/services/wixstores-client-cart-ooi/1.6004.0/SideCartViewerWidgetNoCss.bundle.min.js	200	521546	/workspace/archive/yuzu_site_extra_assets/static.parastorage.com/services/wixstores-client-cart-ooi/1.6004.0/SideCartViewerWidgetNoCss.bundle.min.js
https://static.parastorage.com/services/wixstores-client-cart-ooi/1.6004.0/cartController.bundle.min.js	200	621062	/workspace/archive/yuzu_site_extra_assets/static.parastorage.com/services/wixstores-client-cart-ooi/1.6004.0/cartController.bundle.min.js
https://static.parastorage.com/services/wixstores-client-cart-ooi/1.6004.0/cartViewerWidget.bundle.min.js	200	1393925	/workspace/archive/yuzu_site_extra_assets/static.parastorage.com/services/wixstores-client-cart-ooi/1.6004.0/cartViewerWidget.bundle.min.js
https://static.parastorage.com/services/wixstores-client-cart-ooi/1.6004.0/cartViewerWidgetNoCss.bundle.min.js	200	581248	/workspace/archive/yuzu_site_extra_assets/static.parastorage.com/services/wixstores-client-cart-ooi/1.6004.0/cartViewerWidgetNoCss.bundle.min.js
https://static.parastorage.com/services/wixstores-client-gallery/1.5904.0/	403	0	
https://static.parastorage.com/services/wixstores-client-gallery/1.5904.0/CategoryPageController.bundle.min.js	200	547851	/workspace/archive/yuzu_site_extra_assets/static.parastorage.com/services/wixstores-client-gallery/1.5904.0/CategoryPageController.bundle.min.js
https://static.parastorage.com/services/wixstores-client-gallery/1.5904.0/CategoryPageViewerWidget.bundle.min.js	200	1456884	/workspace/archive/yuzu_site_extra_assets/static.parastorage.com/services/wixstores-client-gallery/1.5904.0/CategoryPageViewerWidget.bundle.min.js
https://static.parastorage.com/services/wixstores-client-gallery/1.5904.0/CategoryPageViewerWidgetNoCss.bundle.min.js	200	837215	/workspace/archive/yuzu_site_extra_assets/static.parastorage.com/services/wixstores-client-gallery/1.5904.0/CategoryPageViewerWidgetNoCss.bundle.min.js
https://static.parastorage.com/services/wixstores-client-gallery/1.5904.0/GridGalleryController.bundle.min.js	200	547846	/workspace/archive/yuzu_site_extra_assets/static.parastorage.com/services/wixstores-client-gallery/1.5904.0/GridGalleryController.bundle.min.js
https://static.parastorage.com/services/wixstores-client-gallery/1.5904.0/GridGalleryViewerWidget.bundle.min.js	200	1463740	/workspace/archive/yuzu_site_extra_assets/static.parastorage.com/services/wixstores-client-gallery/1.5904.0/GridGalleryViewerWidget.bundle.min.js
https://static.parastorage.com/services/wixstores-client-gallery/1.5904.0/GridGalleryViewerWidgetNoCss.bundle.min.js	200	842068	/workspace/archive/yuzu_site_extra_assets/static.parastorage.com/services/wixstores-client-gallery/1.5904.0/GridGalleryViewerWidgetNoCss.bundle.min.js
https://static.parastorage.com/services/wixstores-client-gallery/1.5904.0/SearchModalGalleryController.bundle.min.js	200	547914	/workspace/archive/yuzu_site_extra_assets/static.parastorage.com/services/wixstores-client-gallery/1.5904.0/SearchModalGalleryController.bundle.min.js
https://static.parastorage.com/services/wixstores-client-gallery/1.5904.0/SearchModalGalleryViewerWidget.bundle.min.js	200	1456097	/workspace/archive/yuzu_site_extra_assets/static.parastorage.com/services/wixstores-client-gallery/1.5904.0/SearchModalGalleryViewerWidget.bundle.min.js
https://static.parastorage.com/services/wixstores-client-gallery/1.5904.0/SearchModalGalleryViewerWidgetNoCss.bundle.min.js	200	836415	/workspace/archive/yuzu_site_extra_assets/static.parastorage.com/services/wixstores-client-gallery/1.5904.0/SearchModalGalleryViewerWidgetNoCss.bundle.min.js
https://static.parastorage.com/services/wixstores-client-gallery/1.5904.0/SearchResultsPageGalleryController.bundle.min.js	200	547944	/workspace/archive/yuzu_site_extra_assets/static.parastorage.com/services/wixstores-client-gallery/1.5904.0/SearchResultsPageGalleryController.bundle.min.js
https://static.parastorage.com/services/wixstores-client-gallery/1.5904.0/SearchResultsPageGalleryViewerWidget.bundle.min.js	200	1456180	/workspace/archive/yuzu_site_extra_assets/static.parastorage.com/services/wixstores-client-gallery/1.5904.0/SearchResultsPageGalleryViewerWidget.bundle.min.js
https://static.parastorage.com/services/wixstores-client-gallery/1.5904.0/SearchResultsPageGalleryViewerWidgetNoCss.bundle.min.js	200	836498	/workspace/archive/yuzu_site_extra_assets/static.parastorage.com/services/wixstores-client-gallery/1.5904.0/SearchResultsPageGalleryViewerWidgetNoCss.bundle.min.js
https://static.parastorage.com/services/wixstores-client-gallery/1.5904.0/SliderGalleryController.bundle.min.js	200	454490	/workspace/archive/yuzu_site_extra_assets/static.parastorage.com/services/wixstores-client-gallery/1.5904.0/SliderGalleryController.bundle.min.js
https://static.parastorage.com/services/wixstores-client-gallery/1.5904.0/SliderGalleryViewerWidget.bundle.min.js	200	1164674	/workspace/archive/yuzu_site_extra_assets/static.parastorage.com/services/wixstores-client-gallery/1.5904.0/SliderGalleryViewerWidget.bundle.min.js
https://static.parastorage.com/services/wixstores-client-gallery/1.5904.0/SliderGalleryViewerWidgetNoCss.bundle.min.js	200	669155	/workspace/archive/yuzu_site_extra_assets/static.parastorage.com/services/wixstores-client-gallery/1.5904.0/SliderGalleryViewerWidgetNoCss.bundle.min.js
https://static.parastorage.com/services/wixstores-client-gallery/1.5904.0/WishlistController.bundle.min.js	200	363558	/workspace/archive/yuzu_site_extra_assets/static.parastorage.com/services/wixstores-client-gallery/1.5904.0/WishlistController.bundle.min.js
https://static.parastorage.com/services/wixstores-client-gallery/1.5904.0/WishlistViewerWidget.bundle.min.js	200	1156126	/workspace/archive/yuzu_site_extra_assets/static.parastorage.com/services/wixstores-client-gallery/1.5904.0/WishlistViewerWidget.bundle.min.js
https://static.parastorage.com/services/wixstores-client-gallery/1.5904.0/WishlistViewerWidgetNoCss.bundle.min.js	200	664069	/workspace/archive/yuzu_site_extra_assets/static.parastorage.com/services/wixstores-client-gallery/1.5904.0/WishlistViewerWidgetNoCss.bundle.min.js
https://static.parastorage.com/services/wixstores-client-gallery/1.5906.0/GridGalleryController.bundle.min.js	200	547846	/workspace/archive/yuzu_site_extra_assets/static.parastorage.com/services/wixstores-client-gallery/1.5906.0/GridGalleryController.bundle.min.js
https://static.parastorage.com/services/wixstores-client-gallery/1.5906.0/GridGalleryViewerWidget.bundle.min.js	200	1463740	/workspace/archive/yuzu_site_extra_assets/static.parastorage.com/services/wixstores-client-gallery/1.5906.0/GridGalleryViewerWidget.bundle.min.js
https://static.parastorage.com/services/wixstores-client-gallery/1.5906.0/GridGalleryViewerWidgetNoCss.bundle.min.js	200	842068	/workspace/archive/yuzu_site_extra_assets/static.parastorage.com/services/wixstores-client-gallery/1.5906.0/GridGalleryViewerWidgetNoCss.bundle.min.js
https://static.parastorage.com/services/wixstores-client-gallery/1.5906.0/SliderGalleryController.bundle.min.js	200	454490	/workspace/archive/yuzu_site_extra_assets/static.parastorage.com/services/wixstores-client-gallery/1.5906.0/SliderGalleryController.bundle.min.js
https://static.parastorage.com/services/wixstores-client-gallery/1.5906.0/SliderGalleryViewerWidget.bundle.min.js	200	1164674	/workspace/archive/yuzu_site_extra_assets/static.parastorage.com/services/wixstores-client-gallery/1.5906.0/SliderGalleryViewerWidget.bundle.min.js
https://static.parastorage.com/services/wixstores-client-gallery/1.5906.0/SliderGalleryViewerWidgetNoCss.bundle.min.js	200	669155	/workspace/archive/yuzu_site_extra_assets/static.parastorage.com/services/wixstores-client-gallery/1.5906.0/SliderGalleryViewerWidgetNoCss.bundle.min.js
https://static.parastorage.com/services/wixstores-client-product-page/1.4257.0/	403	0	
https://static.parastorage.com/services/wixstores-client-product-page/1.4257.0/ProductPageController.bundle.min.js	200	820328	/workspace/archive/yuzu_site_extra_assets/static.parastorage.com/services/wixstores-client-product-page/1.4257.0/ProductPageController.bundle.min.js
https://static.parastorage.com/services/wixstores-client-product-page/1.4257.0/ProductPageViewerWidget.bundle.min.js	200	1724903	/workspace/archive/yuzu_site_extra_assets/static.parastorage.com/services/wixstores-client-product-page/1.4257.0/ProductPageViewerWidget.bundle.min.js
https://static.parastorage.com/services/wixstores-client-product-page/1.4257.0/ProductPageViewerWidgetNoCss.bundle.min.js	200	1065164	/workspace/archive/yuzu_site_extra_assets/static.parastorage.com/services/wixstores-client-product-page/1.4257.0/ProductPageViewerWidgetNoCss.bundle.min.js
https://static.parastorage.com/services/wixstores-client-product-page/1.4264.0/ProductPageController.bundle.min.js	200	822271	/workspace/archive/yuzu_site_extra_assets/static.parastorage.com/services/wixstores-client-product-page/1.4264.0/ProductPageController.bundle.min.js
https://static.parastorage.com/services/wixstores-client-product-page/1.4264.0/ProductPageViewerWidget.bundle.min.js	200	1729316	/workspace/archive/yuzu_site_extra_assets/static.parastorage.com/services/wixstores-client-product-page/1.4264.0/ProductPageViewerWidget.bundle.min.js
https://static.parastorage.com/services/wixstores-client-product-widget/1.2055.0/	403	0	
https://static.parastorage.com/services/wixstores-client-product-widget/1.2055.0/productWidget.bundle.min.js	200	476307	/workspace/archive/yuzu_site_extra_assets/static.parastorage.com/services/wixstores-client-product-widget/1.2055.0/productWidget.bundle.min.js
https://static.parastorage.com/services/wixstores-client-product-widget/1.2055.0/productWidgetController.bundle.min.js	200	71797	/workspace/archive/yuzu_site_extra_assets/static.parastorage.com/services/wixstores-client-product-widget/1.2055.0/productWidgetController.bundle.min.js
https://static.parastorage.com/services/wixstores-client-product-widget/1.2055.0/productWidgetNoCss.bundle.min.js	200	138530	/workspace/archive/yuzu_site_extra_assets/static.parastorage.com/services/wixstores-client-product-widget/1.2055.0/productWidgetNoCss.bundle.min.js
https://static.parastorage.com/services/wixstores-client-thank-you-page-ooi/1.3451.0/thankYouPageController.bundle.min.js	200	752693	/workspace/archive/yuzu_site_extra_assets/static.parastorage.com/services/wixstores-client-thank-you-page-ooi/1.3451.0/thankYouPageController.bundle.min.js
https://static.parastorage.com/services/wixstores-client-thank-you-page-ooi/1.3451.0/thankYouPageViewerWidget.bundle.min.js	200	597723	/workspace/archive/yuzu_site_extra_assets/static.parastorage.com/services/wixstores-client-thank-you-page-ooi/1.3451.0/thankYouPageViewerWidget.bundle.min.js
https://static.parastorage.com/services/wixstores-client-thank-you-page-ooi/1.3451.0/thankYouPageViewerWidgetNoCss.bundle.min.js	200	338413	/workspace/archive/yuzu_site_extra_assets/static.parastorage.com/services/wixstores-client-thank-you-page-ooi/1.3451.0/thankYouPageViewerWidgetNoCss.bundle.min.js
https://static.parastorage.com/services/wixstores-client-wishlist/1.2322.0/	403	0	
https://static.parastorage.com/services/wixstores-client-worker/1.4730.0/editor.bundle.min.js	200	269139	/workspace/archive/yuzu_site_extra_assets/static.parastorage.com/services/wixstores-client-worker/1.4730.0/editor.bundle.min.js
https://static.parastorage.com/services/wixstores-client-worker/1.4730.0/viewerScript.bundle.min.js	200	403669	/workspace/archive/yuzu_site_extra_assets/static.parastorage.com/services/wixstores-client-worker/1.4730.0/viewerScript.bundle.min.js
https://static.parastorage.com/tag-bundler/api/v1/fonts-cache/googlefont/woff2/s/poppins/v21/pxiByp8kv8JHgFVrLCz7Z1JlFd2JQEl8qw.woff2	200	5388	/workspace/archive/yuzu_site_extra_assets/static.parastorage.com/tag-bundler/api/v1/fonts-cache/googlefont/woff2/s/poppins/v21/pxiByp8kv8JHgFVrLCz7Z1JlFd2JQEl8qw.woff2
https://static.parastorage.com/tag-bundler/api/v1/fonts-cache/googlefont/woff2/s/poppins/v21/pxiByp8kv8JHgFVrLCz7Z1xlFd2JQEk.woff2	200	7848	/workspace/archive/yuzu_site_extra_assets/static.parastorage.com/tag-bundler/api/v1/fonts-cache/googlefont/woff2/s/poppins/v21/pxiByp8kv8JHgFVrLCz7Z1xlFd2JQEk.woff2
https://static.parastorage.com/tag-bundler/api/v1/fonts-cache/googlefont/woff2/s/poppins/v21/pxiDyp8kv8JHgFVrJJLmy15VF9eOYktMqg.woff2	200	8628	/workspace/archive/yuzu_site_extra_assets/static.parastorage.com/tag-bundler/api/v1/fonts-cache/googlefont/woff2/s/poppins/v21/pxiDyp8kv8JHgFVrJJLmy15VF9eOYktMqg.woff2
https://static.parastorage.com/tag-bundler/api/v1/fonts-cache/googlefont/woff2/s/poppins/v21/pxiDyp8kv8JHgFVrJJLmy15VGdeOYktMqlap.woff2	200	5824	/workspace/archive/yuzu_site_extra_assets/static.parastorage.com/tag-bundler/api/v1/fonts-cache/googlefont/woff2/s/poppins/v21/pxiDyp8kv8JHgFVrJJLmy15VGdeOYktMqlap.woff2
https://static.parastorage.com/tag-bundler/api/v1/fonts-cache/googlefont/woff2/s/poppins/v21/pxiEyp8kv8JHgFVrJJfecnFHGPc.woff2	200	7900	/workspace/archive/yuzu_site_extra_assets/static.parastorage.com/tag-bundler/api/v1/fonts-cache/googlefont/woff2/s/poppins/v21/pxiEyp8kv8JHgFVrJJfecnFHGPc.woff2
https://static.parastorage.com/tag-bundler/api/v1/fonts-cache/googlefont/woff2/s/poppins/v21/pxiEyp8kv8JHgFVrJJnecnFHGPezSQ.woff2	200	5532	/workspace/archive/yuzu_site_extra_assets/static.parastorage.com/tag-bundler/api/v1/fonts-cache/googlefont/woff2/s/poppins/v21/pxiEyp8kv8JHgFVrJJnecnFHGPezSQ.woff2
https://static.parastorage.com/tag-bundler/api/v1/fonts-cache/googlefont/woff2/s/poppins/v21/pxiGyp8kv8JHgFVrJJLucHtAOvWDSA.woff2	200	8676	/workspace/archive/yuzu_site_extra_assets/static.parastorage.com/tag-bundler/api/v1/fonts-cache/googlefont/woff2/s/poppins/v21/pxiGyp8kv8JHgFVrJJLucHtAOvWDSA.woff2
https://static.parastorage.com/tag-bundler/api/v1/fonts-cache/googlefont/woff2/s/poppins/v21/pxiGyp8kv8JHgFVrJJLufntAOvWDSHFF.woff2	200	5900	/workspace/archive/yuzu_site_extra_assets/static.parastorage.com/tag-bundler/api/v1/fonts-cache/googlefont/woff2/s/poppins/v21/pxiGyp8kv8JHgFVrJJLufntAOvWDSHFF.woff2
https://static.parastorage.com/tag-bundler/api/v1/fonts-cache/googlefont/woff2/s/poppins/v5/9VWMTeb5jtXkNoTv949Npfk_vArhqVIZ0nv9q090hN8.woff2	200	10400	/workspace/archive/yuzu_site_extra_assets/static.parastorage.com/tag-bundler/api/v1/fonts-cache/googlefont/woff2/s/poppins/v5/9VWMTeb5jtXkNoTv949Npfk_vArhqVIZ0nv9q090hN8.woff2
https://static.parastorage.com/tag-bundler/api/v1/fonts-cache/googlefont/woff2/s/poppins/v5/RbebACOccNN-5ixkDIVLjRUOjZSKWg4xBWp_C_qQx0o.woff2	200	12256	/workspace/archive/yuzu_site_extra_assets/static.parastorage.com/tag-bundler/api/v1/fonts-cache/googlefont/woff2/s/poppins/v5/RbebACOccNN-5ixkDIVLjRUOjZSKWg4xBWp_C_qQx0o.woff2
https://static.parastorage.com/tag-bundler/api/v1/fonts-cache/googlefont/woff2/s/poppins/v5/aDjpMND83pDErGXlVEr-Sfk_vArhqVIZ0nv9q090hN8.woff2	200	10504	/workspace/archive/yuzu_site_extra_assets/static.parastorage.com/tag-bundler/api/v1/fonts-cache/googlefont/woff2/s/poppins/v5/aDjpMND83pDErGXlVEr-Sfk_vArhqVIZ0nv9q090hN8.woff2
https://static.parastorage.com/tag-bundler/api/v1/fonts-cache/googlefont/woff2/s/poppins/v5/c4FPK8_hIFKoX59qcGwdChUOjZSKWg4xBWp_C_qQx0o.woff2	200	12176	/workspace/archive/yuzu_site_extra_assets/static.parastorage.com/tag-bundler/api/v1/fonts-cache/googlefont/woff2/s/poppins/v5/c4FPK8_hIFKoX59qcGwdChUOjZSKWg4xBWp_C_qQx0o.woff2
https://static.parastorage.com/unpkg	403	0	
https://static.parastorage.com/unpkg/@formatjs/intl-segmenter@11.7.10/polyfill.iife.js	200	432253	/workspace/archive/yuzu_site_extra_assets/static.parastorage.com/unpkg/@formatjs/intl-segmenter@11.7.10/polyfill.iife.js
https://static.parastorage.com/unpkg/core-js-bundle@3.2.1/minified.js	200	137771	/workspace/archive/yuzu_site_extra_assets/static.parastorage.com/unpkg/core-js-bundle@3.2.1/minified.js
https://static.parastorage.com/unpkg/focus-within-polyfill@5.0.9/dist/focus-within-polyfill.js	200	1171	/workspace/archive/yuzu_site_extra_assets/static.parastorage.com/unpkg/focus-within-polyfill@5.0.9/dist/focus-within-polyfill.js
https://static.parastorage.com/unpkg/lodash@4.17.21/lodash.min.js	200	73015	/workspace/archive/yuzu_site_extra_assets/static.parastorage.com/unpkg/lodash@4.17.21/lodash.min.js
https://static.parastorage.com/unpkg/react-dom@18.3.1/umd/react-dom.production.min.js	200	131835	/workspace/archive/yuzu_site_extra_assets/static.parastorage.com/unpkg/react-dom@18.3.1/umd/react-dom.production.min.js
https://static.parastorage.com/unpkg/react@18.3.1/umd/react.production.min.js	200	10751	/workspace/archive/yuzu_site_extra_assets/static.parastorage.com/unpkg/react@18.3.1/umd/react.production.min.js
https://static.wixstatic.com	403	0	
https://static.wixstatic.com/	403	0	
https://static.wixstatic.com/${e}`:`${ex}${e}`};q(	403	0	
https://static.wixstatic.com/media	403	0	
https://static.wixstatic.com/media/	403	0	
https://static.wixstatic.com/media/01ab6619093f45388d66736ec22e5885.png/v1/fill/w_27,h_27,al_c,q_85,usm_0.66_1.00_0.01,enc_avif,quality_auto/01ab6619093f45388d66736ec22e5885.png	200	1017	/workspace/archive/yuzu_site_extra_assets/static.wixstatic.com/media/01ab6619093f45388d66736ec22e5885.png/v1/fill/w_27,h_27,al_c,q_85,usm_0.66_1.00_0.01,enc_avif,quality_auto/01ab6619093f45388d66736ec22e5885.png
https://static.wixstatic.com/media/01ab6619093f45388d66736ec22e5885.png/v1/fill/w_54,h_54,al_c,q_85,usm_0.66_1.00_0.01,enc_avif,quality_auto/01ab6619093f45388d66736ec22e5885.png	200	1658	/workspace/archive/yuzu_site_extra_assets/static.wixstatic.com/media/01ab6619093f45388d66736ec22e5885.png/v1/fill/w_54,h_54,al_c,q_85,usm_0.66_1.00_0.01,enc_avif,quality_auto/01ab6619093f45388d66736ec22e5885.png
https://static.wixstatic.com/media/01c3aff52f2a4dffa526d7a9843d46ea.png/v1/fill/w_26,h_26,al_c,q_85,usm_0.66_1.00_0.01,enc_avif,quality_auto/01c3aff52f2a4dffa526d7a9843d46ea.png	200	953	/workspace/archive/yuzu_site_extra_assets/static.wixstatic.com/media/01c3aff52f2a4dffa526d7a9843d46ea.png/v1/fill/w_26,h_26,al_c,q_85,usm_0.66_1.00_0.01,enc_avif,quality_auto/01c3aff52f2a4dffa526d7a9843d46ea.png
https://static.wixstatic.com/media/01c3aff52f2a4dffa526d7a9843d46ea.png/v1/fill/w_52,h_52,al_c,q_85,usm_0.66_1.00_0.01,enc_avif,quality_auto/01c3aff52f2a4dffa526d7a9843d46ea.png	200	1317	/workspace/archive/yuzu_site_extra_assets/static.wixstatic.com/media/01c3aff52f2a4dffa526d7a9843d46ea.png/v1/fill/w_52,h_52,al_c,q_85,usm_0.66_1.00_0.01,enc_avif,quality_auto/01c3aff52f2a4dffa526d7a9843d46ea.png
https://static.wixstatic.com/media/0fdef751204647a3bbd7eaa2827ed4f9.png/v1/fill/w_26,h_26,al_c,q_85,usm_0.66_1.00_0.01,enc_avif,quality_auto/0fdef751204647a3bbd7eaa2827ed4f9.png	200	775	/workspace/archive/yuzu_site_extra_assets/static.wixstatic.com/media/0fdef751204647a3bbd7eaa2827ed4f9.png/v1/fill/w_26,h_26,al_c,q_85,usm_0.66_1.00_0.01,enc_avif,quality_auto/0fdef751204647a3bbd7eaa2827ed4f9.png
https://static.wixstatic.com/media/0fdef751204647a3bbd7eaa2827ed4f9.png/v1/fill/w_52,h_52,al_c,q_85,usm_0.66_1.00_0.01,enc_avif,quality_auto/0fdef751204647a3bbd7eaa2827ed4f9.png	200	1102	/workspace/archive/yuzu_site_extra_assets/static.wixstatic.com/media/0fdef751204647a3bbd7eaa2827ed4f9.png/v1/fill/w_52,h_52,al_c,q_85,usm_0.66_1.00_0.01,enc_avif,quality_auto/0fdef751204647a3bbd7eaa2827ed4f9.png
https://static.wixstatic.com/media/11062b_404969162f164bf79cac18475881d4a2~mv2.jpg/v1/fill/w_82,h_39,al_c,q_80,usm_0.66_1.00_0.01,blur_2,enc_avif,quality_auto/11062b_404969162f164bf79cac18475881d4a2~mv2.jpg	200	1277	/workspace/archive/yuzu_site_extra_assets/static.wixstatic.com/media/11062b_404969162f164bf79cac18475881d4a2~mv2.jpg/v1/fill/w_82,h_39,al_c,q_80,usm_0.66_1.00_0.01,blur_2,enc_avif,quality_auto/11062b_404969162f164bf79cac18475881d4a2~mv2.jpg
https://static.wixstatic.com/media/23fd2a2be53141ed810f4d3dcdcd01fa.png/v1/fill/w_27,h_27,al_c,q_85,usm_0.66_1.00_0.01,enc_avif,quality_auto/23fd2a2be53141ed810f4d3dcdcd01fa.png	200	846	/workspace/archive/yuzu_site_extra_assets/static.wixstatic.com/media/23fd2a2be53141ed810f4d3dcdcd01fa.png/v1/fill/w_27,h_27,al_c,q_85,usm_0.66_1.00_0.01,enc_avif,quality_auto/23fd2a2be53141ed810f4d3dcdcd01fa.png
https://static.wixstatic.com/media/23fd2a2be53141ed810f4d3dcdcd01fa.png/v1/fill/w_54,h_54,al_c,q_85,usm_0.66_1.00_0.01,enc_avif,quality_auto/23fd2a2be53141ed810f4d3dcdcd01fa.png	200	1207	/workspace/archive/yuzu_site_extra_assets/static.wixstatic.com/media/23fd2a2be53141ed810f4d3dcdcd01fa.png/v1/fill/w_54,h_54,al_c,q_85,usm_0.66_1.00_0.01,enc_avif,quality_auto/23fd2a2be53141ed810f4d3dcdcd01fa.png
https://static.wixstatic.com/media/4ea19e_06614ed8fa1d4a75a56705e5d7b93d8d~mv2.png/v1/fill/w_414,h_397,al_c,q_85,usm_0.66_1.00_0.01,enc_avif,quality_auto/7.png	200	82629	/workspace/archive/yuzu_site_extra_assets/static.wixstatic.com/media/4ea19e_06614ed8fa1d4a75a56705e5d7b93d8d~mv2.png/v1/fill/w_414,h_397,al_c,q_85,usm_0.66_1.00_0.01,enc_avif,quality_auto/7.png
https://static.wixstatic.com/media/4ea19e_06614ed8fa1d4a75a56705e5d7b93d8d~mv2.png/v1/fill/w_828,h_794,al_c,q_90,usm_0.66_1.00_0.01,enc_avif,quality_auto/7.png	200	257629	/workspace/archive/yuzu_site_extra_assets/static.wixstatic.com/media/4ea19e_06614ed8fa1d4a75a56705e5d7b93d8d~mv2.png/v1/fill/w_828,h_794,al_c,q_90,usm_0.66_1.00_0.01,enc_avif,quality_auto/7.png
https://static.wixstatic.com/media/4ea19e_34038c07a9874623b9d999ae8a114160~mv2.png/v1/crop/x_12,y_553,w_1052,h_1162/fill/w_261,h_335,al_c,q_85,usm_0.66_1.00_0.01,enc_avif,quality_auto/6.png	200	25197	/workspace/archive/yuzu_site_extra_assets/static.wixstatic.com/media/4ea19e_34038c07a9874623b9d999ae8a114160~mv2.png/v1/crop/x_12,y_553,w_1052,h_1162/fill/w_261,h_335,al_c,q_85,usm_0.66_1.00_0.01,enc_avif,quality_auto/6.png
https://static.wixstatic.com/media/4ea19e_34038c07a9874623b9d999ae8a114160~mv2.png/v1/crop/x_12,y_553,w_1052,h_1162/fill/w_522,h_670,al_c,q_85,usm_0.66_1.00_0.01,enc_avif,quality_auto/6.png	200	60904	/workspace/archive/yuzu_site_extra_assets/static.wixstatic.com/media/4ea19e_34038c07a9874623b9d999ae8a114160~mv2.png/v1/crop/x_12,y_553,w_1052,h_1162/fill/w_522,h_670,al_c,q_85,usm_0.66_1.00_0.01,enc_avif,quality_auto/6.png
https://static.wixstatic.com/media/4ea19e_3f6bb00813724c3ca3590a1d574e1172~mv2.png/v1/fill/w_117,h_40,al_c,q_85,usm_0.66_1.00_0.01,enc_avif,quality_auto/0.png	200	6445	/workspace/archive/yuzu_site_extra_assets/static.wixstatic.com/media/4ea19e_3f6bb00813724c3ca3590a1d574e1172~mv2.png/v1/fill/w_117,h_40,al_c,q_85,usm_0.66_1.00_0.01,enc_avif,quality_auto/0.png
https://static.wixstatic.com/media/4ea19e_3f6bb00813724c3ca3590a1d574e1172~mv2.png/v1/fill/w_234,h_80,al_c,q_85,usm_0.66_1.00_0.01,enc_avif,quality_auto/0.png	200	16456	/workspace/archive/yuzu_site_extra_assets/static.wixstatic.com/media/4ea19e_3f6bb00813724c3ca3590a1d574e1172~mv2.png/v1/fill/w_234,h_80,al_c,q_85,usm_0.66_1.00_0.01,enc_avif,quality_auto/0.png
https://static.wixstatic.com/media/4ea19e_4600d31d1aa84d178ea0f8459a945048~mv2.jpg/v1/crop/x_53,y_0,w_974,h_769/fill/w_261,h_206,al_c,q_80,usm_0.66_1.00_0.01,enc_avif,quality_auto/tuesday_edited.jpg	200	9192	/workspace/archive/yuzu_site_extra_assets/static.wixstatic.com/media/4ea19e_4600d31d1aa84d178ea0f8459a945048~mv2.jpg/v1/crop/x_53,y_0,w_974,h_769/fill/w_261,h_206,al_c,q_80,usm_0.66_1.00_0.01,enc_avif,quality_auto/tuesday_edited.jpg
https://static.wixstatic.com/media/4ea19e_4600d31d1aa84d178ea0f8459a945048~mv2.jpg/v1/crop/x_53,y_0,w_974,h_769/fill/w_522,h_412,al_c,q_80,usm_0.66_1.00_0.01,enc_avif,quality_auto/tuesday_edited.jpg	200	24350	/workspace/archive/yuzu_site_extra_assets/static.wixstatic.com/media/4ea19e_4600d31d1aa84d178ea0f8459a945048~mv2.jpg/v1/crop/x_53,y_0,w_974,h_769/fill/w_522,h_412,al_c,q_80,usm_0.66_1.00_0.01,enc_avif,quality_auto/tuesday_edited.jpg
https://static.wixstatic.com/media/4ea19e_563574fa7a994a4a805acd7b3c9cba20~mv2.jpg/v1/crop/x_661,y_0,w_1678,h_1688/fill/w_265,h_266,al_c,q_80,usm_0.66_1.00_0.01,enc_avif,quality_auto/Leaf%20Close%20Up_edited_edited_edited.jpg	200	10032	/workspace/archive/yuzu_site_extra_assets/static.wixstatic.com/media/4ea19e_563574fa7a994a4a805acd7b3c9cba20~mv2.jpg/v1/crop/x_661,y_0,w_1678,h_1688/fill/w_265,h_266,al_c,q_80,usm_0.66_1.00_0.01,enc_avif,quality_auto/Leaf%20Close%20Up_edited_edited_edited.jpg
https://static.wixstatic.com/media/4ea19e_563574fa7a994a4a805acd7b3c9cba20~mv2.jpg/v1/crop/x_661,y_0,w_1678,h_1688/fill/w_530,h_532,al_c,q_80,usm_0.66_1.00_0.01,enc_avif,quality_auto/Leaf%20Close%20Up_edited_edited_edited.jpg	200	42760	/workspace/archive/yuzu_site_extra_assets/static.wixstatic.com/media/4ea19e_563574fa7a994a4a805acd7b3c9cba20~mv2.jpg/v1/crop/x_661,y_0,w_1678,h_1688/fill/w_530,h_532,al_c,q_80,usm_0.66_1.00_0.01,enc_avif,quality_auto/Leaf%20Close%20Up_edited_edited_edited.jpg
https://static.wixstatic.com/media/4ea19e_563574fa7a994a4a805acd7b3c9cba20~mv2.jpg/v1/fill/w_94,h_53,al_c,q_80,usm_0.66_1.00_0.01,blur_2,enc_avif,quality_auto/4ea19e_563574fa7a994a4a805acd7b3c9cba20~mv2.jpg	200	944	/workspace/archive/yuzu_site_extra_assets/static.wixstatic.com/media/4ea19e_563574fa7a994a4a805acd7b3c9cba20~mv2.jpg/v1/fill/w_94,h_53,al_c,q_80,usm_0.66_1.00_0.01,blur_2,enc_avif,quality_auto/4ea19e_563574fa7a994a4a805acd7b3c9cba20~mv2.jpg
https://static.wixstatic.com/media/4ea19e_696a8157a7fc4be79bcf27d8ca25b07d~mv2.png/v1/crop/x_171,y_326,w_708,h_613/fill/w_261,h_232,al_c,q_85,usm_0.66_1.00_0.01,enc_avif,quality_auto/5.png	200	25731	/workspace/archive/yuzu_site_extra_assets/static.wixstatic.com/media/4ea19e_696a8157a7fc4be79bcf27d8ca25b07d~mv2.png/v1/crop/x_171,y_326,w_708,h_613/fill/w_261,h_232,al_c,q_85,usm_0.66_1.00_0.01,enc_avif,quality_auto/5.png
https://static.wixstatic.com/media/4ea19e_696a8157a7fc4be79bcf27d8ca25b07d~mv2.png/v1/crop/x_171,y_326,w_708,h_613/fill/w_522,h_464,al_c,q_85,usm_0.66_1.00_0.01,enc_avif,quality_auto/5.png	200	62039	/workspace/archive/yuzu_site_extra_assets/static.wixstatic.com/media/4ea19e_696a8157a7fc4be79bcf27d8ca25b07d~mv2.png/v1/crop/x_171,y_326,w_708,h_613/fill/w_522,h_464,al_c,q_85,usm_0.66_1.00_0.01,enc_avif,quality_auto/5.png
https://static.wixstatic.com/media/4ea19e_6e61e88b26bf4c4bba3721df20ba6c0d~mv2.png/v1/crop/x_205,y_313,w_670,h_633/fill/w_261,h_209,al_c,q_85,usm_0.66_1.00_0.01,enc_avif,quality_auto/7.png	200	22572	/workspace/archive/yuzu_site_extra_assets/static.wixstatic.com/media/4ea19e_6e61e88b26bf4c4bba3721df20ba6c0d~mv2.png/v1/crop/x_205,y_313,w_670,h_633/fill/w_261,h_209,al_c,q_85,usm_0.66_1.00_0.01,enc_avif,quality_auto/7.png
https://static.wixstatic.com/media/4ea19e_6e61e88b26bf4c4bba3721df20ba6c0d~mv2.png/v1/crop/x_205,y_313,w_670,h_633/fill/w_522,h_418,al_c,q_85,usm_0.66_1.00_0.01,enc_avif,quality_auto/7.png	200	55110	/workspace/archive/yuzu_site_extra_assets/static.wixstatic.com/media/4ea19e_6e61e88b26bf4c4bba3721df20ba6c0d~mv2.png/v1/crop/x_205,y_313,w_670,h_633/fill/w_522,h_418,al_c,q_85,usm_0.66_1.00_0.01,enc_avif,quality_auto/7.png
https://static.wixstatic.com/media/4ea19e_b7e3198dfe43444b9974bf5530f3e244~mv2.jpg/v1/crop/x_59,y_0,w_962,h_708/fill/w_261,h_192,al_c,q_80,usm_0.66_1.00_0.01,enc_avif,quality_auto/thursdays_edited_edited.jpg	200	9767	/workspace/archive/yuzu_site_extra_assets/static.wixstatic.com/media/4ea19e_b7e3198dfe43444b9974bf5530f3e244~mv2.jpg/v1/crop/x_59,y_0,w_962,h_708/fill/w_261,h_192,al_c,q_80,usm_0.66_1.00_0.01,enc_avif,quality_auto/thursdays_edited_edited.jpg
https://static.wixstatic.com/media/4ea19e_b7e3198dfe43444b9974bf5530f3e244~mv2.jpg/v1/crop/x_59,y_0,w_962,h_708/fill/w_522,h_384,al_c,q_80,usm_0.66_1.00_0.01,enc_avif,quality_auto/thursdays_edited_edited.jpg	200	25740	/workspace/archive/yuzu_site_extra_assets/static.wixstatic.com/media/4ea19e_b7e3198dfe43444b9974bf5530f3e244~mv2.jpg/v1/crop/x_59,y_0,w_962,h_708/fill/w_522,h_384,al_c,q_80,usm_0.66_1.00_0.01,enc_avif,quality_auto/thursdays_edited_edited.jpg
https://static.wixstatic.com/media/4ea19e_ca6c159e2db8424984f2e0da37448eb6~mv2.jpg/v1/fill/w_101,h_57,al_c,q_80,usm_0.66_1.00_0.01,blur_2,enc_avif,quality_auto/4ea19e_ca6c159e2db8424984f2e0da37448eb6~mv2.jpg	200	990	/workspace/archive/yuzu_site_extra_assets/static.wixstatic.com/media/4ea19e_ca6c159e2db8424984f2e0da37448eb6~mv2.jpg/v1/fill/w_101,h_57,al_c,q_80,usm_0.66_1.00_0.01,blur_2,enc_avif,quality_auto/4ea19e_ca6c159e2db8424984f2e0da37448eb6~mv2.jpg
https://static.wixstatic.com/media/4ea19e_dd77dbe9f0cd4a63bab55d83b7bb6fc8~mv2.png/v1/fill/w_407,h_460,al_c,q_85,usm_0.66_1.00_0.01,enc_avif,quality_auto/asia%20darkgreen.png	200	90477	/workspace/archive/yuzu_site_extra_assets/static.wixstatic.com/media/4ea19e_dd77dbe9f0cd4a63bab55d83b7bb6fc8~mv2.png/v1/fill/w_407,h_460,al_c,q_85,usm_0.66_1.00_0.01,enc_avif,quality_auto/asia%20darkgreen.png
https://static.wixstatic.com/media/4ea19e_dd77dbe9f0cd4a63bab55d83b7bb6fc8~mv2.png/v1/fill/w_814,h_920,al_c,q_90,usm_0.66_1.00_0.01,enc_avif,quality_auto/asia%20darkgreen.png	200	246166	/workspace/archive/yuzu_site_extra_assets/static.wixstatic.com/media/4ea19e_dd77dbe9f0cd4a63bab55d83b7bb6fc8~mv2.png/v1/fill/w_814,h_920,al_c,q_90,usm_0.66_1.00_0.01,enc_avif,quality_auto/asia%20darkgreen.png
https://static.wixstatic.com/media/81af6121f84c41a5b4391d7d37fce12a.png/v1/fill/w_27,h_27,al_c,q_85,usm_0.66_1.00_0.01,enc_avif,quality_auto/81af6121f84c41a5b4391d7d37fce12a.png	200	1084	/workspace/archive/yuzu_site_extra_assets/static.wixstatic.com/media/81af6121f84c41a5b4391d7d37fce12a.png/v1/fill/w_27,h_27,al_c,q_85,usm_0.66_1.00_0.01,enc_avif,quality_auto/81af6121f84c41a5b4391d7d37fce12a.png
https://static.wixstatic.com/media/81af6121f84c41a5b4391d7d37fce12a.png/v1/fill/w_54,h_54,al_c,q_85,usm_0.66_1.00_0.01,enc_avif,quality_auto/81af6121f84c41a5b4391d7d37fce12a.png	200	1765	/workspace/archive/yuzu_site_extra_assets/static.wixstatic.com/media/81af6121f84c41a5b4391d7d37fce12a.png/v1/fill/w_54,h_54,al_c,q_85,usm_0.66_1.00_0.01,enc_avif,quality_auto/81af6121f84c41a5b4391d7d37fce12a.png
https://staticorigin.wixstatic.com	403	0	
https://video.wixstatic.com/	403	0	
https://viewer-apps.parastorage.com	403	0	
https://viewer-assets.parastorage.com	403	0	
https://www.yuzuhairandbeauty.london	200	642680	/workspace/archive/yuzu_site_extra_assets/www.yuzuhairandbeauty.london/index.html
https://www.yuzuhairandbeauty.london/	200	642680	/workspace/archive/yuzu_site_extra_assets/www.yuzuhairandbeauty.london/index.html
https://www.yuzuhairandbeauty.london/_api/cloud-data	404	0	
https://www.yuzuhairandbeauty.london/_api/dynamic-pages-router/v1	404	0	
https://www.yuzuhairandbeauty.london/_api/members/v1/santa-members	404	0	
https://www.yuzuhairandbeauty.london/_api/v1/access-tokens	200	52206	/workspace/archive/yuzu_site_extra_assets/www.yuzuhairandbeauty.london/_api/v1/access-tokens
https://www.yuzuhairandbeauty.london/_api/wix-code-public-dispatcher-ng/siteview	404	0	
https://www.yuzuhairandbeauty.london/account/my-account	200	444593	/workspace/archive/yuzu_site_extra_assets/www.yuzuhairandbeauty.london/account/my-account
https://www.yuzuhairandbeauty.london/account/my-bookings	200	394897	/workspace/archive/yuzu_site_extra_assets/www.yuzuhairandbeauty.london/account/my-bookings
https://www.yuzuhairandbeauty.london/account/my-subscriptions	200	394897	/workspace/archive/yuzu_site_extra_assets/www.yuzuhairandbeauty.london/account/my-subscriptions
https://www.yuzuhairandbeauty.london/items	200	553470	/workspace/archive/yuzu_site_extra_assets/www.yuzuhairandbeauty.london/items
https://www.yuzuhairandbeauty.london/o-f-f-e-r-s-1	200	555758	/workspace/archive/yuzu_site_extra_assets/www.yuzuhairandbeauty.london/o-f-f-e-r-s-1
https://www.yuzuhairandbeauty.london/terms-and-conditions	200	535088	/workspace/archive/yuzu_site_extra_assets/www.yuzuhairandbeauty.london/terms-and-conditions
